Spécialité 1,Genre du lycéen
Histoire-Géographie,H
Sciences Économiques et Sociales,F
Sciences Économiques et Sociales,H
Langues,F
Sciences de la Vie et de la Terre,F
Arts,H
Sciences Économiques et Sociales,H
Physique-Chimie,N
Mathématiques,H
Numérique et Sciences Informatiques,N
Numérique et Sciences Informatiques,N
Sciences Économiques et Sociales,F
Mathématiques,H
Langues,N
Numérique et Sciences Informatiques,H
Sciences Économiques et Sociales,N
Sciences Économiques et Sociales,N
Mathématiques,N
Arts,H
Philosophie,F
Sciences de la Vie et de la Terre,N
Histoire-Géographie,N
Physique-Chimie,H
Mathématiques,H
Langues,F
Langues,F
Numérique et Sciences Informatiques,N
Arts,N
Mathématiques,N
Philosophie,H
Humanités,H
Mathématiques,N
Mathématiques,H
Humanités,N
Arts,N
Physique-Chimie,N
Philosophie,F
Histoire-Géographie,F
Sciences de la Vie et de la Terre,N
Physique-Chimie,F
Humanités,F
Mathématiques,H
Physique-Chimie,N
Langues,F
Mathématiques,H
Mathématiques,N
Histoire-Géographie,H
Sciences de la Vie et de la Terre,N
Philosophie,N
Langues,F
Physique-Chimie,N
Langues,F
Humanités,F
Langues,H
Sciences Économiques et Sociales,H
Arts,N
Philosophie,H
Numérique et Sciences Informatiques,N
Histoire-Géographie,H
Sciences de la Vie et de la Terre,N
Mathématiques,H
Sciences de la Vie et de la Terre,N
Sciences de la Vie et de la Terre,H
Mathématiques,N
Humanités,N
Humanités,H
Langues,N
Numérique et Sciences Informatiques,H
Physique-Chimie,H
Physique-Chimie,H
Sciences Économiques et Sociales,F
Humanités,H
Langues,F
Physique-Chimie,N
Mathématiques,N
Sciences de la Vie et de la Terre,F
Arts,F
Physique-Chimie,N
Humanités,F
Numérique et Sciences Informatiques,H
Sciences de la Vie et de la Terre,H
Sciences de la Vie et de la Terre,H
Philosophie,F
Sciences de la Vie et de la Terre,F
Physique-Chimie,H
Physique-Chimie,H
Numérique et Sciences Informatiques,N
Philosophie,F
Philosophie,F
Philosophie,H
Mathématiques,F
Numérique et Sciences Informatiques,H
Histoire-Géographie,H
Physique-Chimie,H
Arts,F
Sciences Économiques et Sociales,F
Numérique et Sciences Informatiques,F
Humanités,F
Langues,F
Arts,H
Mathématiques,H
Histoire-Géographie,F
Arts,F
Mathématiques,N
Histoire-Géographie,N
Histoire-Géographie,N
Sciences de la Vie et de la Terre,N
Numérique et Sciences Informatiques,F
Arts,F
Sciences de la Vie et de la Terre,N
Sciences Économiques et Sociales,H
Philosophie,F
Sciences Économiques et Sociales,H
Philosophie,N
Sciences Économiques et Sociales,F
Humanités,F
Philosophie,F
Numérique et Sciences Informatiques,F
Sciences de la Vie et de la Terre,H
Numérique et Sciences Informatiques,H
Sciences Économiques et Sociales,N
Numérique et Sciences Informatiques,F
Numérique et Sciences Informatiques,H
Sciences de la Vie et de la Terre,N
Sciences de la Vie et de la Terre,H
Mathématiques,H
Langues,F
Mathématiques,N
Numérique et Sciences Informatiques,F
Physique-Chimie,H
Sciences Économiques et Sociales,H
Arts,N
Arts,H
Philosophie,F
Philosophie,H
Physique-Chimie,F
Arts,F
Mathématiques,N
Numérique et Sciences Informatiques,N
Sciences de la Vie et de la Terre,N
Mathématiques,F
Humanités,F
Sciences de la Vie et de la Terre,H
Humanités,H
Mathématiques,F
Arts,F
Mathématiques,F
Arts,F
Sciences Économiques et Sociales,H
Histoire-Géographie,F
Sciences Économiques et Sociales,H
Sciences Économiques et Sociales,H
Physique-Chimie,N
Mathématiques,H
Sciences de la Vie et de la Terre,H
Humanités,H
Physique-Chimie,F
Physique-Chimie,H
Humanités,H
Sciences Économiques et Sociales,N
Numérique et Sciences Informatiques,F
Sciences de la Vie et de la Terre,F
Mathématiques,N
Humanités,N
Arts,H
Sciences de la Vie et de la Terre,N
Arts,N
Numérique et Sciences Informatiques,H
Langues,N
Langues,F
Sciences Économiques et Sociales,N
Langues,H
Humanités,N
Philosophie,F
Sciences Économiques et Sociales,F
Numérique et Sciences Informatiques,N
Langues,H
Langues,H
Humanités,F
Sciences de la Vie et de la Terre,F
Mathématiques,N
Humanités,N
Humanités,H
Sciences de la Vie et de la Terre,F
Physique-Chimie,H
Sciences Économiques et Sociales,H
Numérique et Sciences Informatiques,N
Sciences de la Vie et de la Terre,F
Sciences Économiques et Sociales,N
Physique-Chimie,N
Histoire-Géographie,H
Langues,H
Mathématiques,F
Sciences de la Vie et de la Terre,H
Langues,H
Numérique et Sciences Informatiques,N
Humanités,N
Sciences Économiques et Sociales,F
Mathématiques,H
Humanités,H
Langues,H
Histoire-Géographie,N
Sciences Économiques et Sociales,N
Numérique et Sciences Informatiques,N
Sciences Économiques et Sociales,N
Mathématiques,H
Humanités,F
Sciences Économiques et Sociales,F
Mathématiques,H
Physique-Chimie,H
Histoire-Géographie,H
Arts,N
Numérique et Sciences Informatiques,N
Sciences de la Vie et de la Terre,F
Physique-Chimie,H
Mathématiques,N
Numérique et Sciences Informatiques,F
Humanités,F
Numérique et Sciences Informatiques,N
Langues,F
Mathématiques,H
Arts,N
Histoire-Géographie,F
Humanités,N
Physique-Chimie,F
Sciences Économiques et Sociales,H
Arts,H
Physique-Chimie,F
Sciences Économiques et Sociales,F
Physique-Chimie,H
Philosophie,F
Mathématiques,N
Sciences Économiques et Sociales,N
Sciences de la Vie et de la Terre,N
Philosophie,F
Sciences de la Vie et de la Terre,H
Numérique et Sciences Informatiques,N
Mathématiques,F
Histoire-Géographie,H
Numérique et Sciences Informatiques,N
Philosophie,F
Philosophie,N
Sciences Économiques et Sociales,N
Sciences de la Vie et de la Terre,H
Histoire-Géographie,F
Humanités,N
Mathématiques,H
Physique-Chimie,H
Philosophie,N
Humanités,N
Sciences Économiques et Sociales,F
Sciences de la Vie et de la Terre,N
Arts,H
Sciences Économiques et Sociales,H
Numérique et Sciences Informatiques,F
Numérique et Sciences Informatiques,N
Numérique et Sciences Informatiques,N
Numérique et Sciences Informatiques,N
Humanités,H
Arts,N
Histoire-Géographie,H
Humanités,N
Physique-Chimie,N
Sciences Économiques et Sociales,H
Histoire-Géographie,H
Sciences Économiques et Sociales,N
Mathématiques,N
Arts,F
Sciences de la Vie et de la Terre,F
Humanités,N
Arts,F
Langues,N
Philosophie,H
Mathématiques,N
Sciences Économiques et Sociales,F
Mathématiques,F
Histoire-Géographie,N
Arts,F
Mathématiques,N
Langues,F
Humanités,H
Mathématiques,H
Numérique et Sciences Informatiques,H
Humanités,H
Philosophie,H
Langues,N
Langues,N
Philosophie,N
Sciences Économiques et Sociales,F
Physique-Chimie,N
Sciences Économiques et Sociales,N
Mathématiques,F
Sciences de la Vie et de la Terre,H
Langues,H
Langues,F
Numérique et Sciences Informatiques,N
Langues,F
Mathématiques,F
Philosophie,F
Histoire-Géographie,H
Humanités,F
Sciences de la Vie et de la Terre,N
Humanités,H
Sciences Économiques et Sociales,H
Arts,N
Histoire-Géographie,H
Mathématiques,N
Arts,N
Mathématiques,F
Mathématiques,H
Sciences Économiques et Sociales,F
Mathématiques,H
Mathématiques,F
Numérique et Sciences Informatiques,N
Numérique et Sciences Informatiques,H
Numérique et Sciences Informatiques,H
Histoire-Géographie,F
Langues,H
Philosophie,H
Sciences de la Vie et de la Terre,F
Histoire-Géographie,F
Langues,H
Histoire-Géographie,H
Numérique et Sciences Informatiques,H
Sciences de la Vie et de la Terre,F
Langues,N
Arts,F
Philosophie,N
Langues,F
Numérique et Sciences Informatiques,N
Philosophie,F
Physique-Chimie,N
Philosophie,H
Langues,H
Mathématiques,H
Sciences Économiques et Sociales,F
Humanités,H
Physique-Chimie,F
Humanités,F
Sciences de la Vie et de la Terre,N
Numérique et Sciences Informatiques,H
Humanités,H
Numérique et Sciences Informatiques,H
Arts,H
Numérique et Sciences Informatiques,F
Sciences Économiques et Sociales,N
Mathématiques,F
Mathématiques,H
Mathématiques,F
Histoire-Géographie,H
Sciences Économiques et Sociales,F
Philosophie,H
Arts,N
Numérique et Sciences Informatiques,N
Numérique et Sciences Informatiques,N
Sciences Économiques et Sociales,F
Humanités,N
Sciences de la Vie et de la Terre,F
Philosophie,F
Sciences de la Vie et de la Terre,N
Physique-Chimie,N
Numérique et Sciences Informatiques,F
Langues,F
Sciences Économiques et Sociales,H
Philosophie,N
Physique-Chimie,H
Physique-Chimie,F
Philosophie,N
Sciences Économiques et Sociales,N
Arts,N
Physique-Chimie,N
Physique-Chimie,H
Humanités,N
Numérique et Sciences Informatiques,N
Arts,H
Arts,F
Humanités,F
Numérique et Sciences Informatiques,N
Humanités,F
Sciences Économiques et Sociales,H
Histoire-Géographie,N
Histoire-Géographie,N
Numérique et Sciences Informatiques,F
Arts,H
Philosophie,H
Physique-Chimie,H
Mathématiques,H
Arts,N
Philosophie,N
Numérique et Sciences Informatiques,N
Sciences Économiques et Sociales,H
Philosophie,H
Humanités,H
Arts,H
Physique-Chimie,F
Arts,F
Numérique et Sciences Informatiques,N
Langues,F
Philosophie,N
Mathématiques,F
Sciences de la Vie et de la Terre,H
Histoire-Géographie,N
Humanités,F
Physique-Chimie,H
Histoire-Géographie,H
Physique-Chimie,F
Numérique et Sciences Informatiques,N
Philosophie,F
Humanités,N
Arts,N
Arts,H
Sciences de la Vie et de la Terre,H
Mathématiques,N
Histoire-Géographie,N
Mathématiques,N
Numérique et Sciences Informatiques,N
Philosophie,N
Sciences de la Vie et de la Terre,F
Physique-Chimie,F
Mathématiques,F
Mathématiques,N
Sciences de la Vie et de la Terre,F
Philosophie,N
Langues,H
Humanités,N
Humanités,H
Physique-Chimie,H
Sciences Économiques et Sociales,H
Langues,F
Mathématiques,N
Sciences de la Vie et de la Terre,N
Physique-Chimie,F
Histoire-Géographie,N
Philosophie,H
Sciences Économiques et Sociales,N
Sciences Économiques et Sociales,F
Langues,F
Langues,N
Physique-Chimie,N
Numérique et Sciences Informatiques,F
Physique-Chimie,F
Physique-Chimie,H
Mathématiques,F
Langues,H
Numérique et Sciences Informatiques,N
Physique-Chimie,N
Numérique et Sciences Informatiques,N
Sciences de la Vie et de la Terre,F
Sciences de la Vie et de la Terre,H
Physique-Chimie,N
Philosophie,N
Philosophie,F
Physique-Chimie,H
Humanités,H
Philosophie,H
Histoire-Géographie,H
Physique-Chimie,F
Histoire-Géographie,N
Mathématiques,F
Physique-Chimie,H
Philosophie,N
Arts,N
Histoire-Géographie,H
Langues,F
Sciences Économiques et Sociales,N
Sciences Économiques et Sociales,N
Philosophie,H
Philosophie,F
Sciences Économiques et Sociales,H
Arts,H
Numérique et Sciences Informatiques,H
Sciences Économiques et Sociales,H
Langues,N
Humanités,H
Philosophie,H
Arts,F
Philosophie,F
Physique-Chimie,N
Arts,N
Numérique et Sciences Informatiques,H
Physique-Chimie,F
Physique-Chimie,F
Mathématiques,F
Philosophie,H
Philosophie,F
Arts,N
Sciences de la Vie et de la Terre,N
Langues,H
Sciences Économiques et Sociales,H
Physique-Chimie,H
Histoire-Géographie,H
Arts,F
Humanités,N
Philosophie,F
Physique-Chimie,F
Mathématiques,N
Physique-Chimie,F
Philosophie,H
Numérique et Sciences Informatiques,F
Mathématiques,H
Numérique et Sciences Informatiques,F
Philosophie,H
Numérique et Sciences Informatiques,H
Philosophie,F
Mathématiques,N
Sciences Économiques et Sociales,N
Histoire-Géographie,F
Physique-Chimie,F
Numérique et Sciences Informatiques,H
Mathématiques,F
Sciences de la Vie et de la Terre,N
Histoire-Géographie,F
Histoire-Géographie,F
Sciences de la Vie et de la Terre,N
Langues,N
Philosophie,N
Sciences de la Vie et de la Terre,N
Arts,F
Mathématiques,F
Philosophie,H
Arts,N
Langues,F
Histoire-Géographie,F
Numérique et Sciences Informatiques,N
Mathématiques,N
Mathématiques,F
Mathématiques,F
Langues,F
Numérique et Sciences Informatiques,F
Sciences de la Vie et de la Terre,F
Histoire-Géographie,N
Humanités,N
Mathématiques,H
Mathématiques,N
Histoire-Géographie,H
Humanités,F
Numérique et Sciences Informatiques,F
Langues,N
Philosophie,N
Philosophie,F
Humanités,F
Histoire-Géographie,F
Histoire-Géographie,F
Langues,N
Mathématiques,F
Numérique et Sciences Informatiques,N
Sciences de la Vie et de la Terre,H
Histoire-Géographie,F
Sciences de la Vie et de la Terre,F
Philosophie,H
Mathématiques,N
Physique-Chimie,H
Sciences de la Vie et de la Terre,H
Numérique et Sciences Informatiques,F
Philosophie,N
Sciences de la Vie et de la Terre,F
Physique-Chimie,F
Philosophie,N
Sciences Économiques et Sociales,F
Sciences Économiques et Sociales,F
Philosophie,F
Arts,H
Mathématiques,N
Langues,N
Sciences de la Vie et de la Terre,N
Sciences de la Vie et de la Terre,F
Humanités,F
Numérique et Sciences Informatiques,N
Histoire-Géographie,H
Sciences Économiques et Sociales,N
Sciences Économiques et Sociales,N
Arts,F
Humanités,F
Mathématiques,F
Philosophie,H
Langues,F
Physique-Chimie,H
Langues,N
Humanités,F
Physique-Chimie,N
Physique-Chimie,F
Arts,N
Arts,H
Humanités,N
Sciences de la Vie et de la Terre,F
Arts,N
Sciences Économiques et Sociales,H
Sciences Économiques et Sociales,F
Histoire-Géographie,N
Histoire-Géographie,F
Humanités,H
Sciences Économiques et Sociales,F
Philosophie,N
Sciences de la Vie et de la Terre,F
Arts,H
Sciences Économiques et Sociales,H
Sciences de la Vie et de la Terre,N
Langues,F
Numérique et Sciences Informatiques,F
Arts,H
Mathématiques,H
Histoire-Géographie,N
Humanités,H
Langues,H
Arts,F
Sciences de la Vie et de la Terre,F
Mathématiques,N
Physique-Chimie,F
Arts,N
Sciences de la Vie et de la Terre,N
Arts,F
Humanités,H
Physique-Chimie,N
Numérique et Sciences Informatiques,F
Humanités,H
Sciences de la Vie et de la Terre,N
Langues,N
Mathématiques,N
Numérique et Sciences Informatiques,F
Numérique et Sciences Informatiques,H
Histoire-Géographie,N
Philosophie,H
Humanités,F
Humanités,H
Philosophie,H
Physique-Chimie,F
Langues,F
Sciences Économiques et Sociales,F
Histoire-Géographie,N
Physique-Chimie,N
Arts,F
Humanités,F
Sciences de la Vie et de la Terre,F
Arts,H
Sciences de la Vie et de la Terre,H
Humanités,F
Histoire-Géographie,F
Mathématiques,N
Mathématiques,H
Philosophie,N
Sciences Économiques et Sociales,F
Mathématiques,H
Sciences de la Vie et de la Terre,H
Arts,H
Arts,H
Humanités,F
Sciences de la Vie et de la Terre,N
Arts,H
Arts,H
Numérique et Sciences Informatiques,N
Sciences Économiques et Sociales,H
Langues,H
Sciences Économiques et Sociales,F
Sciences Économiques et Sociales,N
Numérique et Sciences Informatiques,N
Arts,N
Langues,H
Sciences de la Vie et de la Terre,N
Mathématiques,F
Numérique et Sciences Informatiques,F
Sciences Économiques et Sociales,F
Physique-Chimie,H
Sciences Économiques et Sociales,N
Langues,H
Histoire-Géographie,H
Mathématiques,N
Arts,H
Mathématiques,N
Physique-Chimie,F
Sciences Économiques et Sociales,F
Mathématiques,H
Langues,F
Philosophie,N
Mathématiques,F
Philosophie,N
Arts,F
Mathématiques,F
Histoire-Géographie,F
Langues,N
Histoire-Géographie,F
Langues,H
Sciences de la Vie et de la Terre,F
Sciences Économiques et Sociales,H
Philosophie,H
Arts,H
Mathématiques,F
Humanités,F
Physique-Chimie,N
Physique-Chimie,N
Numérique et Sciences Informatiques,H
Arts,H
Arts,F
Sciences de la Vie et de la Terre,H
Sciences Économiques et Sociales,N
Physique-Chimie,H
Sciences de la Vie et de la Terre,H
Philosophie,F
Mathématiques,H
Physique-Chimie,F
Humanités,N
Philosophie,H
Humanités,N
Numérique et Sciences Informatiques,F
Numérique et Sciences Informatiques,N
Sciences de la Vie et de la Terre,H
Histoire-Géographie,F
Physique-Chimie,H
Sciences de la Vie et de la Terre,N
Philosophie,F
Humanités,H
Sciences de la Vie et de la Terre,N
Humanités,N
Sciences de la Vie et de la Terre,F
Philosophie,F
Humanités,H
Arts,H
Arts,F
Physique-Chimie,F
Sciences de la Vie et de la Terre,F
Humanités,H
Mathématiques,N
Histoire-Géographie,F
Sciences Économiques et Sociales,F
Physique-Chimie,F
Arts,N
Numérique et Sciences Informatiques,N
Histoire-Géographie,N
Humanités,H
Sciences Économiques et Sociales,H
Humanités,N
Histoire-Géographie,N
Mathématiques,F
Physique-Chimie,H
Arts,F
Humanités,F
Histoire-Géographie,F
Histoire-Géographie,H
Sciences Économiques et Sociales,N
Sciences de la Vie et de la Terre,H
Physique-Chimie,N
Numérique et Sciences Informatiques,F
Langues,H
Sciences Économiques et Sociales,F
Physique-Chimie,N
Arts,N
Numérique et Sciences Informatiques,F
Arts,F
Humanités,F
Physique-Chimie,N
Langues,N
Philosophie,N
Histoire-Géographie,F
Arts,N
Physique-Chimie,H
Philosophie,H
Mathématiques,F
Numérique et Sciences Informatiques,H
Mathématiques,N
Sciences de la Vie et de la Terre,H
Numérique et Sciences Informatiques,N
Langues,F
Numérique et Sciences Informatiques,F
Histoire-Géographie,H
Sciences Économiques et Sociales,F
Numérique et Sciences Informatiques,F
Sciences Économiques et Sociales,H
Philosophie,H
Histoire-Géographie,H
Arts,F
Sciences de la Vie et de la Terre,N
Mathématiques,N
Arts,N
Histoire-Géographie,F
Histoire-Géographie,H
Humanités,H
Arts,N
Physique-Chimie,F
Numérique et Sciences Informatiques,H
Sciences Économiques et Sociales,F
Arts,H
Physique-Chimie,N
Histoire-Géographie,F
Philosophie,N
Histoire-Géographie,N
Numérique et Sciences Informatiques,H
Langues,H
Histoire-Géographie,F
Sciences Économiques et Sociales,N
Philosophie,H
Physique-Chimie,H
Arts,H
Mathématiques,N
Sciences Économiques et Sociales,F
Histoire-Géographie,H
Arts,H
Philosophie,N
Sciences Économiques et Sociales,H
Physique-Chimie,N
Philosophie,F
Sciences Économiques et Sociales,N
Langues,N
Arts,N
Sciences Économiques et Sociales,H
Humanités,N
Humanités,H
Arts,N
Numérique et Sciences Informatiques,H
Arts,H
Langues,H
Mathématiques,N
Langues,N
Arts,H
Sciences Économiques et Sociales,H
Numérique et Sciences Informatiques,N
Physique-Chimie,H
Langues,F
Philosophie,N
Histoire-Géographie,H
Langues,N
Sciences de la Vie et de la Terre,N
Humanités,F
Humanités,F
Histoire-Géographie,N
Histoire-Géographie,F
Humanités,F
Physique-Chimie,H
Philosophie,F
Philosophie,F
Humanités,F
Histoire-Géographie,N
Sciences de la Vie et de la Terre,H
Sciences Économiques et Sociales,F
Histoire-Géographie,H
Humanités,F
Philosophie,H
Mathématiques,N
Sciences Économiques et Sociales,F
Sciences de la Vie et de la Terre,N
Humanités,F
Sciences Économiques et Sociales,H
Histoire-Géographie,H
Physique-Chimie,N
Arts,F
Histoire-Géographie,H
Mathématiques,N
Sciences Économiques et Sociales,N
Langues,F
Humanités,F
Arts,N
Histoire-Géographie,H
Langues,F
Humanités,H
Langues,N
Numérique et Sciences Informatiques,H
Philosophie,N
Mathématiques,H
Mathématiques,F
Histoire-Géographie,N
Langues,F
Philosophie,N
Physique-Chimie,N
Langues,H
Philosophie,H
Humanités,F
Langues,N
Histoire-Géographie,N
Sciences de la Vie et de la Terre,F
Humanités,H
Mathématiques,F
Philosophie,N
Numérique et Sciences Informatiques,N
Sciences Économiques et Sociales,N
Sciences Économiques et Sociales,F
Humanités,N
Humanités,F
Sciences Économiques et Sociales,F
Numérique et Sciences Informatiques,N
Sciences Économiques et Sociales,H
Sciences Économiques et Sociales,F
Numérique et Sciences Informatiques,N
Numérique et Sciences Informatiques,F
Physique-Chimie,N
Numérique et Sciences Informatiques,H
Arts,H
Physique-Chimie,F
Philosophie,N
Sciences de la Vie et de la Terre,F
Philosophie,F
Arts,H
Sciences Économiques et Sociales,H
Numérique et Sciences Informatiques,F
Sciences de la Vie et de la Terre,F
Numérique et Sciences Informatiques,N
Histoire-Géographie,N
Histoire-Géographie,H
Histoire-Géographie,N
Langues,F
Mathématiques,N
Arts,H
Langues,N
Sciences Économiques et Sociales,N
Histoire-Géographie,F
Numérique et Sciences Informatiques,N
Sciences Économiques et Sociales,N
Langues,F
Philosophie,N
Sciences de la Vie et de la Terre,H
Histoire-Géographie,N
Numérique et Sciences Informatiques,H
Mathématiques,F
Numérique et Sciences Informatiques,H
Humanités,H
Sciences Économiques et Sociales,H
Sciences Économiques et Sociales,N
Sciences Économiques et Sociales,F
Sciences de la Vie et de la Terre,N
Mathématiques,N
Physique-Chimie,N
Philosophie,H
Sciences de la Vie et de la Terre,F
Histoire-Géographie,N
Langues,F
Physique-Chimie,F
Mathématiques,H
Langues,N
Physique-Chimie,F
Histoire-Géographie,N
Numérique et Sciences Informatiques,N
Humanités,N
Sciences de la Vie et de la Terre,F
Humanités,H
Physique-Chimie,F
Numérique et Sciences Informatiques,H
Histoire-Géographie,H
Sciences Économiques et Sociales,F
Langues,F
Numérique et Sciences Informatiques,N
Histoire-Géographie,H
Physique-Chimie,F
Philosophie,H
Arts,H
Sciences Économiques et Sociales,F
Langues,H
Numérique et Sciences Informatiques,F
Mathématiques,F
Sciences de la Vie et de la Terre,F
Langues,N
Mathématiques,N
Physique-Chimie,N
Histoire-Géographie,H
Arts,N
Sciences Économiques et Sociales,H
Arts,F
Numérique et Sciences Informatiques,H
Humanités,F
Numérique et Sciences Informatiques,F
Sciences de la Vie et de la Terre,F
Histoire-Géographie,F
Arts,F
Histoire-Géographie,F
Histoire-Géographie,N
Humanités,H
Langues,N
Langues,N
Humanités,H
Physique-Chimie,N
Physique-Chimie,N
Mathématiques,F
Philosophie,F
Sciences de la Vie et de la Terre,N
Sciences Économiques et Sociales,H
Humanités,F
Sciences de la Vie et de la Terre,N
Philosophie,N
Philosophie,N
Philosophie,F
Sciences Économiques et Sociales,N
Numérique et Sciences Informatiques,N
Langues,N
Langues,H
Numérique et Sciences Informatiques,F
Arts,N
Humanités,H
Langues,N
Sciences Économiques et Sociales,N
Philosophie,H
Numérique et Sciences Informatiques,N
Arts,N
Philosophie,H
Humanités,N
Physique-Chimie,F
Histoire-Géographie,H
Sciences Économiques et Sociales,N
Sciences Économiques et Sociales,F
Arts,N
Arts,H
Langues,N
Sciences de la Vie et de la Terre,F
Sciences Économiques et Sociales,N
Numérique et Sciences Informatiques,N