Regions;Genre;Annee;0 a 4 ans;5 a 9 ans;10 a 14 ans;15 a 19 ans;20 a 24 ans;25 a 29 ans;30 a 34 ans;35 a 39 ans;40 a 44 ans;45 a 49 ans;50 a 54 ans;55 a 59 ans;60 a 64 ans;65 a 69 ans;70 a 74 ans;75 a 79 ans;80 a 84 ans;85 a 89 ans;90 a 94 ans;95 ans et plus;Total
Auvergne-Rhône-Alpes;M;2022;222 665;252 034;264 490;259 004;239 255;229 782;247 295;254 980;255 076;261 532;267 934;260 661;233 265;211 650;201 094;138 648;91 708;58 193;23 958;5 394;3 978 618
Bourgogne-Franche-Comté;M;2022;68 806;79 600;87 032;87 121;77 847;71 275;76 158;80 583;82 106;86 369;93 561;93 211;90 517;85 794;83 360;54 006;36 076;23 301;9 653;2 206;1 368 582
Bretagne;M;2022;84 530;97 898;108 262;107 637;97 043;86 968;93 119;98 865;103 643;110 035;113 178;111 645;109 509;103 806;97 950;60 491;41 115;27 363;10 653;2 218;1 665 928
Centre-Val-de-Loire;M;2022;66 716;76 393;82 814;81 183;68 680;63 579;70 117;73 397;75 290;80 214;85 959;84 364;80 215;76 531;73 725;47 748;32 175;22 443;9 400;2 208;1 253 151
Corse;M;2022;8 069;9 170;9 817;9 063;8 131;8 350;10 433;10 373;11 411;11 263;12 318;11 579;11 395;10 911;10 661;7 492;5 420;3 029;1 206;235;170 326
Grand Est;M;2022;139 760;160 963;172 011;172 447;165 884;156 316;166 340;170 597;170 271;174 486;185 608;187 667;176 274;161 030;145 810;88 599;63 051;38 726;14 935;3 019;2 713 794
Hauts-de-France;M;2022;167 173;195 217;206 781;204 381;186 248;167 168;179 837;188 234;186 844;190 618;191 932;186 952;173 910;155 988;143 385;84 276;51 427;32 873;13 513;2 783;2 909 540
Île-de-France;M;2022;374 924;401 819;408 855;396 868;410 020;415 647;436 749;418 794;413 734;411 669;387 897;369 531;310 553;250 581;227 214;155 171;100 813;63 485;27 163;7 203;5 988 690
Normandie;M;2022;86 121;99 064;107 489;107 023;94 648;86 310;93 536;98 057;98 210;101 654;107 430;107 398;105 211;98 944;92 522;57 384;37 481;25 320;10 233;2 303;1 616 338
Nouvelle-Aquitaine;M;2022;140 041;163 109;179 557;180 065;164 944;150 388;164 607;173 221;182 141;192 658;201 275;201 205;195 078;191 067;185 076;120 998;79 302;55 909;23 074;5 310;2 949 025
Occitanie;M;2022;148 418;169 846;183 314;185 415;173 775;161 274;169 648;175 287;182 583;185 979;197 135;196 716;187 533;178 019;172 811;117 694;76 194;52 762;22 035;5 170;2 941 608
Pays de la Loire;M;2022;102 896;118 714;129 594;129 750;112 221;102 069;111 092;116 874;121 601;125 732;125 268;120 546;113 821;108 665;102 646;63 538;43 514;30 241;12 444;3 062;1 894 288
Provence-Alpes-Côte d'Azur;M;2022;130 522;146 161;154 119;147 625;139 803;130 652;144 254;149 106;154 003;157 331;166 314;168 350;155 577;144 731;141 502;105 390;70 124;45 177;19 279;4 738;2 474 758
Guadeloupe;M;2022;9 505;10 870;12 338;13 026;9 668;7 398;7 684;7 874;8 316;11 187;12 944;14 658;13 932;11 748;9 535;6 642;4 168;2 629;903;378;175 403
Martinique;M;2022;7 952;9 525;10 688;10 726;8 382;6 935;7 699;7 491;7 656;9 822;13 059;14 386;14 150;11 434;9 393;6 553;4 455;2 902;1 147;319;164 674
Guyane;M;2022;15 777;14 849;15 131;13 631;9 816;8 248;8 994;9 282;8 738;7 983;7 307;6 275;4 981;3 855;2 524;1 463;835;364;130;42;140 225
La Réunion;M;2022;28 556;32 778;34 950;33 708;25 011;21 609;23 961;24 605;25 744;26 942;30 505;31 342;25 821;20 870;13 999;9 493;5 727;3 013;1 007;287;419 928
Mayotte;M;2022;23 782;21 636;19 751;14 473;8 130;8 037;8 471;8 834;7 853;7 083;4 465;3 671;2 606;1 800;919;636;368;168;68;60;142 811
DOM;M;2022;85 572;89 658;92 858;85 564;61 007;52 227;56 809;58 086;58 307;63 017;68 280;70 332;61 490;49 707;36 370;24 787;15 553;9 076;3 255;1 086;1 043 041
Auvergne-Rhône-Alpes;F;2022;211 984;240 429;251 043;243 051;228 531;227 869;252 973;265 304;263 561;261 130;271 085;266 994;249 936;239 136;232 996;169 044;126 248;103 462;58 895;21 595;4 185 266
Bourgogne-Franche-Comté;F;2022;65 844;76 498;81 389;79 239;69 439;68 487;76 666;81 864;83 548;87 123;94 518;95 896;96 829;95 190;94 392;64 604;49 554;41 654;23 802;8 859;1 435 395
Bretagne;F;2022;79 976;92 972;103 218;100 894;88 059;83 474;92 960;100 341;104 997;108 917;114 041;114 499;116 783;115 156;114 703;76 806;60 371;51 255;28 043;9 452;1 756 917
Centre-Val-de-Loire;F;2022;62 869;73 453;79 226;74 356;63 649;62 933;72 900;76 920;77 852;82 218;88 106;87 537;86 114;85 610;84 506;58 195;44 557;37 797;21 427;8 221;1 328 446
Corse;F;2022;8 038;8 797;9 091;8 497;7 707;9 075;10 719;11 588;11 895;12 028;12 260;12 194;11 913;11 816;11 593;8 877;6 793;4 654;2 513;902;180 950
Grand Est;F;2022;133 408;152 797;163 069;161 690;153 260;151 462;168 006;175 546;173 190;175 778;187 809;193 756;188 876;179 718;166 370;108 084;89 826;72 137;38 548;12 955;2 846 285
Hauts-de-France;F;2022;160 955;185 948;197 399;192 362;180 743;167 340;184 679;194 611;190 967;192 319;194 384;194 380;188 312;181 665;172 579;109 494;81 791;69 031;37 806;12 611;3 089 376
Île-de-France;F;2022;360 754;381 572;392 234;382 611;422 554;438 011;465 599;450 961;434 771;414 197;403 221;393 487;341 374;296 957;275 630;191 908;141 811;113 201;65 158;26 263;6 392 274
Normandie;F;2022;82 900;95 300;102 107;98 159;88 936;85 394;95 173;101 931;100 250;104 152;110 009;112 927;113 778;112 077;108 327;71 903;55 688;47 820;26 522;9 383;1 722 736
Nouvelle-Aquitaine;F;2022;133 534;155 929;170 878;167 492;153 766;150 191;169 765;180 859;189 218;198 248;209 507;213 254;213 776;214 896;213 401;148 118;109 791;94 759;55 457;21 520;3 164 359
Occitanie;F;2022;141 491;162 338;174 518;174 105;165 787;159 618;176 199;184 360;190 696;192 843;205 697;208 809;203 872;198 702;198 344;143 125;103 352;86 194;50 053;19 020;3 139 123
Pays de la Loire;F;2022;97 179;112 968;123 750;120 346;104 598;100 624;111 621;119 787;122 673;124 709;125 881;123 747;122 901;120 647;119 379;78 789;61 759;52 189;29 848;11 533;1 984 928
Provence-Alpes-Côte d'Azur;F;2022;123 936;138 486;144 987;138 907;133 517;133 189;153 231;161 490;163 862;165 283;177 411;183 572;174 083;168 339;169 308;132 136;96 321;76 189;43 612;17 695;2 695 554
Guadeloupe;F;2022;9 008;10 650;11 794;12 517;9 199;9 018;10 754;11 400;12 188;15 135;16 759;17 630;15 096;13 840;11 722;8 533;5 654;4 195;2 118;956;208 166
Martinique;F;2022;8 132;9 064;10 272;10 330;8 139;8 426;10 386;10 841;10 499;12 883;16 366;17 412;15 816;13 926;11 387;8 219;6 470;4 384;2 310;1 083;196 345
Guyane;F;2022;15 298;14 655;15 016;13 729;10 381;10 118;10 493;10 843;9 906;8 405;7 551;6 490;5 185;3 726;2 640;1 628;1 076;636;230;151;148 157
La Réunion;F;2022;28 303;32 141;33 901;32 361;25 597;25 916;29 361;30 346;31 218;31 040;32 686;32 870;27 346;23 119;16 466;11 736;8 537;5 191;2 353;932;461 420
Mayotte;F;2022;23 298;22 341;20 315;15 458;11 194;11 926;12 038;11 061;8 847;6 358;4 268;3 411;2 315;1 569;984;701;371;210;76;82;156 823
DOM;F;2022;84 039;88 851;91 298;84 395;64 510;65 404;73 032;74 491;72 658;73 821;77 630;77 813;65 758;56 180;43 199;30 817;22 108;14 616;7 087;3 204;1 170 911
Auvergne-Rhône-Alpes;M;2023;218632;248148;266054;262673;240349;230913;248724;254929;259368;254865;271042;262845;235954;211740;199073;149901;92934;58646;24633;5447;3996870
Bourgogne-Franche-Comté;M;2023;66996;78708;86330;87449;78562;71416;76146;79638;83444;83446;93596;93807;90085;85286;82426;59038;35981;23393;9731;2172;1367650
Bretagne;M;2023;83567;96738;108073;108575;97142;88364;93617;98437;105237;106882;115362;111701;110068;105056;97522;67839;40351;27679;10956;2218;1675384
Centre-Val-de-Loire;M;2023;66169;75225;82539;81883;68938;64319;69682;73080;76140;77595;86220;84737;80108;75742;73395;52325;31763;22439;9523;2181;1254003
Corse;M;2023;8047;9042;10059;9165;8181;8330;10458;10441;11541;11025;12404;11883;11434;10936;10837;7688;5650;3096;1241;217;171675
Grand Est;M;2023;135936;158522;171583;173671;165962;156200;165680;169548;172810;169185;186265;186427;177112;160174;146354;96751;62352;39146;15459;3055;2712192
Hauts-de-France;M;2023;163071;190502;206829;204603;187492;166604;177744;186747;189538;185847;193496;186651;174338;155185;142940;94622;50637;32643;13788;2799;2906076
Île-de-France;M;2023;369880;390123;410555;400453;416143;417066;438217;419535;414697;404740;395238;369436;314223;251149;224282;167198;102614;64224;28063;7529;6005365
Normandie;M;2023;85373;96958;107159;107348;95268;86765;93525;97527;100239;97880;108188;107234;104681;98593;92415;63775;36749;25199;10500;2209;1617585
Nouvelle-Aquitaine;M;2023;138644;160929;179478;181603;166493;151786;164722;173767;184683;186993;204474;201810;195856;191191;184091;132950;79742;54998;23469;5004;2962683
Occitanie;M;2023;147083;167953;184775;187050;176233;162789;171167;175588;185223;182452;199351;198147;189450;178274;172132;127656;77707;52088;22501;4976;2962595
Pays de la Loire;M;2023;101865;116929;129300;130722;114036;103415;112074;116316;123473;122950;127720;120949;114561;108236;102721;70829;42876;30530;12737;2941;1905180
Provence-Alpes-Côte d'Azur;M;2023;129469;143407;155146;149130;140210;131426;144587;149118;156764;153540;168712;168791;157072;145657;139980;111886;72319;44970;20136;4818;2487138
Guadeloupe;M;2023;9485;10530;12000;12853;9465;7387;7766;7669;8135;10570;12903;14348;14565;12038;9928;7020;4398;2591;976;350;174977
Martinique;M;2023;7878;9433;10426;10651;8048;6716;7692;7468;7834;8940;12636;14320;14488;11799;9741;6848;4422;3001;1079;290;163710
Guyane;M;2023;15379;14927;15176;13756;9777;8153;9063;9104;8964;7861;7350;6543;5153;3825;2696;1606;871;368;137;45;140754
La Réunion;M;2023;27996;32866;34325;34038;24857;21045;24190;25014;25218;26235;30310;31905;26859;21693;14753;10025;6043;3414;1008;295;422089
Mayotte;M;2023;24623;22398;20447;14989;8416;8322;8768;9146;8132;7333;4631;3798;2692;1863;953;662;382;167;63;60;147845
DOM;M;2023;85361;90154;92374;86287;60563;51623;57479;58401;58283;60939;67830;70914;63757;51218;38071;26161;16116;9541;3263;1040;1049375
Auvergne-Rhône-Alpes;F;2023;207818;237345;252426;245280;229432;227409;253962;265347;269093;255141;273766;268450;250694;238785;232178;182493;126841;101426;59949;21731;4199566
Bourgogne-Franche-Comté;F;2023;64115;75468;81157;79826;69402;68509;75607;81304;84668;84446;94674;95756;96022;94736;93846;70586;49067;40601;23989;8805;1432584
Bretagne;F;2023;79047;91386;103226;101379;88884;84382;92742;100308;106924;106033;115952;114678;117551;115580;114604;85473;58395;50640;28488;9192;1764864
Centre-Val-de-Loire;F;2023;61964;71556;79309;74640;64035;63428;72125;76632;78967;79068;88707;87891;85906;84888;84496;63702;43813;36943;21711;7932;1327713
Corse;F;2023;7883;8890;9423;8454;8048;8828;10824;11488;12256;11710;12544;12267;11976;11848;11824;9193;7099;4632;2523;881;182591
Grand Est;F;2023;130231;149473;163336;161817;153559;150914;166240;174501;176650;170113;188776;192436;187743;180032;168299;116859;88275;70686;39279;13061;2842280
Hauts-de-France;F;2023;156549;182697;196137;193078;181465;167276;181350;193965;194079;187192;196655;192990;187183;180669;173357;122452;78604;67440;38185;12893;3084216
Île-de-France;F;2023;355921;370808;392954;385209;427737;437192;464314;451905;437677;409558;407088;390975;344803;295893;274714;207851;142244;111310;66749;27092;6401994
Normandie;F;2023;81669;93462;102031;98533;89147;85151;94304;101301;102550;100451;110586;112449;113315;111748;109104;79384;53795;46815;26983;9159;1721937
Nouvelle-Aquitaine;F;2023;132287;153704;170832;169046;155061;150273;169643;181258;192386;193003;212228;213832;213406;214766;213972;161950;109451;92279;55728;21026;3176131
Occitanie;F;2023;139747;160246;175696;176047;167446;160825;176683;184797;194300;189138;207705;210139;205422;199055;197714;156088;103839;84683;50616;18472;3158658
Pays de la Loire;F;2023;95938;110723;123314;121344;106230;101387;111734;118913;125434;122102;128015;123676;123218;120055;120050;87246;60643;51691;30126;11405;1993244
Provence-Alpes-Côte d'Azur;F;2023;123050;135569;145517;139873;134201;133398;153822;161413;166780;161442;178024;184659;175707;168709;168492;140410;98620;75344;44607;17574;2707211
Guadeloupe;F;2023;9006;10212;11566;12086;9131;8930;10739;11158;12235;14394;16696;17304;15967;14012;12206;9015;5859;4183;2168;889;207756
Martinique;F;2023;7976;8899;10005;10062;8095;8104;10492;10845;10647;12087;15794;17291;16331;14298;11729;8626;6414;4556;2182;1059;195492
Guyane;F;2023;14763;14824;15038;13615;10819;9987;10763;10562;10373;8311;7817;6706;5233;3793;2809;1822;1107;615;249;150;149356
La Réunion;F;2023;28319;31347;34011;32205;25588;25483;29802;30578;31157;30790;32229;33407;28443;23677;17579;12372;8641;5472;2345;919;464364
Mayotte;F;2023;24121;23128;21033;16004;11591;12343;12468;11451;9159;6592;4416;3532;2398;1626;1024;729;373;211;76;79;162354
DOM;F;2023;84185;88410;91653;83972;65224;64847;74264;74594;73571;72174;76952;78240;68372;57406;45347;32564;22394;15037;7020;3096;1179322
Auvergne-Rhône-Alpes;M;2024;212 234;247 014;265 372;265 819;241 352;233 708;248 470;258 138;261 660;249 055;273 015;262 549;241 032;212 781;196 652;159 558;95 714;59 835;25 407;5 771;4 015 136
Bourgogne-Franche-Comté;M;2024;64 890;78 077;85 597;88 262;78 362;72 601;75 239;79 900;83 663;80 928;93 416;93 527;90 389;85 308;80 673;64 118;36 110;23 917;9 836;2 232;1 367 045
Bretagne;M;2024;81 837;95 848;107 353;109 795;97 516;89 853;93 523;99 723;105 807;103 461;117 441;111 660;111 358;105 912;96 999;74 603;40 711;28 139;11 345;2 198;1 685 082
Centre-Val-de-Loire;M;2024;64 811;74 364;81 856;83 049;69 151;65 418;68 747;73 618;76 066;75 392;86 285;84 525;80 386;75 736;71 986;56 593;32 267;22 369;9 660;2 293;1 254 572
Corse;M;2024;7 824;9 193;9 948;9 336;8 212;8 424;10 359;10 623;11 795;10 880;12 293;12 085;11 671;11 051;10 689;8 143;5 819;3 221;1 238;222;173 026
Grand Est;M;2024;131 178;156 731;170 260;175 282;165 252;157 330;164 129;170 903;173 027;165 888;184 599;185 014;177 806;161 130;145 661;105 539;61 959;40 121;15 802;3 280;2 710 891
Hauts-de-France;M;2024;158 894;185 940;205 368;206 430;187 277;167 593;174 658;187 727;190 633;180 248;195 404;184 923;175 712;155 673;141 336;104 212;50 935;33 409;13 832;2 979;2 903 183
Île-de-France;M;2024;363 545;379 520;411 367;406 270;415 708;423 707;435 474;424 579;412 624;401 052;399 422;367 112;319 657;253 777;219 898;178 565;105 528;65 954;29 093;8 015;6 020 867
Normandie;M;2024;83 439;96 188;106 199;107 999;95 488;87 545;92 519;98 730;100 620;95 117;108 524;106 024;105 557;98 564;91 746;69 352;37 182;25 603;10 550;2 221;1 619 167
Nouvelle-Aquitaine;M;2024;135 960;159 786;178 375;183 795;167 150;153 734;164 004;176 676;185 604;181 980;206 914;201 878;198 353;191 192;182 158;143 475;82 021;55 265;24 124;5 041;2 977 485
Occitanie;M;2024;143 692;167 358;183 946;190 920;177 783;164 730;171 554;178 331;185 590;180 337;200 718;197 840;193 088;179 350;170 263;136 439;81 247;52 259;23 124;5 038;2 983 607
Pays de la Loire;M;2024;100 029;115 374;128 625;131 702;115 871;105 648;111 504;117 596;124 062;120 524;130 086;121 107;115 510;108 798;101 564;77 654;43 719;30 849;12 993;3 068;1 916 283
Provence-Alpes-Côte d'Azur;M;2024;127 412;140 436;155 445;151 763;139 432;133 845;142 919;151 759;156 917;152 441;168 554;168 575;160 194;147 007;138 071;117 644;74 780;46 054;21 120;5 094;2 499 462
Guadeloupe;M;2024;9 528;10 145;11 857;12 478;9 250;7 318;7 647;7 689;8 119;9 878;12 691;14 117;14 795;12 784;10 329;7 342;4 625;2 667;988;344;174 591
Martinique;M;2024;7 804;9 213;10 230;10 590;7 674;6 704;7 452;7 581;7 783;8 549;12 110;14 142;14 581;12 281;10 066;7 188;4 548;2 953;1 106;315;162 870
Guyane;M;2024;15 035;15 267;14 948;14 014;9 373;8 355;8 898;9 135;9 043;7 920;7 357;6 520;5 332;3 994;2 835;1 700;942;378;143;51;141 240
La Réunion;M;2024;27 860;32 297;34 470;33 898;24 260;20 849;24 019;25 116;25 394;26 044;29 641;32 150;28 161;22 472;15 969;10 382;6 589;3 529;1 112;270;424 482
Mayotte;M;2024;25 422;23 126;21 114;15 473;8 693;8 588;9 056;9 442;8 396;7 577;4 774;3 927;2 782;1 921;981;679;396;172;69;63;152 651
DOM;M;2024;85 649;90 048;92 619;86 453;59 250;51 814;57 072;58 963;58 735;59 968;66 573;70 856;65 651;53 452;40 180;27 291;17 100;9 699;3 418;1 043;1 055 834
Auvergne-Rhône-Alpes;F;2024;201 911;235 282;252 650;248 242;229 109;230 279;251 551;267 546;272 399;251 139;274 786;267 544;254 263;239 212;230 496;194 747;129 050;100 336;60 986;22 138;4 213 666
Bourgogne-Franche-Comté;F;2024;62 087;74 827;80 824;80 273;69 173;68 927;74 088;82 006;84 743;81 853;94 337;95 436;95 898;94 440;93 242;76 067;48 752;40 133;24 177;8 832;1 430 115
Bretagne;F;2024;77 307;90 830;102 508;102 103;89 502;85 533;92 365;101 772;107 394;103 417;117 320;114 677;118 069;116 568;114 246;93 115;58 636;50 364;28 675;9 105;1 773 506
Centre-Val-de-Loire;F;2024;60 644;70 625;78 717;75 317;63 860;64 319;70 657;77 449;79 432;76 632;88 728;87 682;86 204;84 725;83 656;68 501;44 211;36 430;21 743;7 911;1 327 443
Corse;F;2024;7 716;9 063;9 573;8 493;8 201;8 911;10 652;11 622;12 438;11 649;12 417;12 391;12 281;11 815;11 977;9 710;7 212;4 662;2 535;893;184 211
Grand Est;F;2024;126 002;147 032;162 533;163 345;152 653;151 302;163 485;175 809;177 761;165 728;188 786;189 493;188 530;180 569;168 979;126 572;86 313;71 039;39 687;13 215;2 838 833
Hauts-de-France;F;2024;152 877;177 420;195 622;194 019;180 798;168 684;178 548;194 351;194 518;183 072;197 643;190 767;187 452;180 936;172 128;134 728;77 313;66 810;38 330;13 339;3 079 355
Île-de-France;F;2024;348 916;362 033;391 599;388 667;427 035;443 743;459 192;455 079;439 141;406 382;408 392;387 164;349 213;297 209;272 488;222 191;143 527;111 312;67 650;28 551;6 409 484
Normandie;F;2024;79 665;92 672;101 194;98 883;88 333;86 507;92 971;101 555;103 530;97 518;110 853;111 213;113 805;111 393;108 837;86 492;53 387;46 369;27 294;9 405;1 721 876
Nouvelle-Aquitaine;F;2024;130 109;152 369;169 688;171 360;154 708;152 099;168 301;183 666;193 950;187 998;214 332;213 500;215 245;215 111;212 851;174 389;111 722;91 097;55 617;21 005;3 189 117
Occitanie;F;2024;136 956;158 687;175 740;178 883;168 591;163 043;175 509;187 446;195 936;186 761;209 112;209 325;208 281;201 017;196 273;166 564;107 334;84 325;50 375;18 537;3 178 695
Pays de la Loire;F;2024;93 967;108 877;123 292;122 057;107 083;103 048;110 656;120 118;126 263;119 912;129 805;123 456;124 320;120 402;119 388;94 989;60 829;51 453;30 490;11 568;2 001 973
Provence-Alpes-Côte d'Azur;F;2024;121 197;132 517;146 005;141 620;132 925;135 599;152 482;163 415;167 875;159 306;178 005;183 582;178 473;170 236;167 422;147 153;102 050;75 483;45 399;18 135;2 718 879
Guadeloupe;F;2024;9 045;9 788;11 251;11 623;9 115;8 774;10 583;11 204;12 193;13 572;16 327;17 535;16 446;14 326;12 546;9 689;6 092;4 076;2 230;903;207 318
Martinique;F;2024;7 698;8 960;9 690;9 881;7 758;8 041;10 455;10 994;10 714;11 452;15 068;16 972;16 914;14 537;12 305;9 064;6 327;4 698;2 179;1 013;194 720
Guyane;F;2024;14 110;15 176;15 021;13 736;10 841;10 105;10 739;10 617;10 528;8 420;8 070;6 677;5 335;4 048;2 944;1 950;1 190;631;253;143;150 534
La Réunion;F;2024;28 224;30 821;33 807;32 825;24 926;25 090;29 626;30 932;31 294;30 568;31 728;33 600;29 796;24 381;18 909;13 077;8 882;5 714;2 426;994;467 620
Mayotte;F;2024;24 904;23 881;21 717;16 525;11 966;12 747;12 870;11 830;9 456;6 798;4 561;3 648;2 479;1 676;1 056;759;378;221;79;80;167 631
DOM;F;2024;83 981;88 626;91 486;84 590;64 606;64 757;74 273;75 577;74 185;70 810;75 754;78 432;70 970;58 968;47 760;34 539;22 869;15 340;7 167;3 133;1 187 823
Auvergne-Rhône-Alpes;M;2025;206 552;243 761;265 999;268 691;243 068;235 447;249 204;259 958;262 980;247 438;272 223;261 726;245 355;215 176;195 567;168 253;98 207;61 116;26 358;5 831;4 032 910
Bourgogne-Franche-Comté;M;2025;62 988;76 970;84 814;88 682;78 498;73 734;74 506;79 640;84 049;79 969;91 657;93 347;90 869;85 396;79 407;68 150;36 897;24 018;10 098;2 247;1 365 936
Bretagne;M;2025;80 108;95 143;106 531;110 532;97 837;91 559;93 638;100 783;105 656;102 495;117 257;111 552;112 524;107 297;96 681;81 107;41 105;28 456;11 934;2 092;1 694 287
Centre-Val-de-Loire;M;2025;63 029;73 895;81 052;83 406;69 952;66 381;68 087;73 969;76 229;73 979;85 331;84 268;80 846;75 937;70 627;60 733;32 738;22 072;9 875;2 322;1 254 728
Corse;M;2025;7 591;9 105;9 993;9 490;8 377;8 383;10 101;10 998;11 769;11 149;12 118;12 077;11 774;11 334;10 676;8 753;5 749;3 402;1 246;252;174 337
Grand Est;M;2025;126 868;153 965;169 538;175 994;165 443;158 544;161 770;171 373;174 132;164 164;181 982;182 488;179 498;161 429;145 288;114 602;61 270;41 050;16 289;3 482;2 709 169
Hauts-de-France;M;2025;154 263;182 011;204 168;207 371;186 607;168 759;171 899;187 990;190 945;177 828;195 138;183 544;176 343;156 217;140 471;113 210;52 087;33 776;14 275;3 050;2 899 952
Île-de-France;M;2025;354 362;371 492;411 496;410 677;415 907;432 042;432 616;428 984;412 044;397 746;400 926;364 275;325 549;257 303;217 274;187 039;109 164;67 527;30 194;8 509;6 035 126
Normandie;M;2025;81 544;95 336;104 969;108 265;95 762;88 363;92 033;99 446;100 495;94 461;107 029;105 580;105 696;98 833;90 958;74 964;37 959;25 340;10 827;2 269;1 620 129
Nouvelle-Aquitaine;M;2025;132 767;158 289;177 238;185 316;167 548;156 062;164 152;178 959;186 005;180 710;205 818;201 904;200 467;191 963;181 125;153 374;84 363;54 790;25 029;4 848;2 990 727
Occitanie;M;2025;140 625;165 713;183 697;193 071;179 965;167 524;171 837;180 495;185 901;180 443;199 338;197 637;196 459;180 986;169 792;144 795;84 185;52 513;23 782;4 997;3 003 755
Pays de la Loire;M;2025;98 276;113 843;127 299;132 837;117 003;108 301;111 252;118 768;123 539;120 204;130 757;121 539;116 451;109 681;101 028;84 200;44 362;30 650;13 688;2 993;1 926 671
Provence-Alpes-Côte d'Azur;M;2025;124 429;138 219;155 481;153 853;138 637;136 368;141 704;153 608;157 493;152 654;167 592;167 189;163 380;148 375;137 727;122 963;77 666;46 721;21 846;5 511;2 511 416
Guadeloupe;M;2025;8 988;10 194;11 580;12 202;9 048;7 153;7 531;7 776;8 164;9 119;12 552;13 886;15 043;13 334;10 460;7 820;4 774;2 845;1 106;302;173 877
Martinique;M;2025;7 393;9 120;9 974;10 403;7 412;6 643;7 270;7 707;7 819;8 364;11 598;13 689;14 690;12 580;10 421;7 528;4 650;3 030;1 158;335;161 784
Guyane;M;2025;13 913;15 773;14 970;13 975;9 346;8 355;8 797;9 064;9 213;7 872;7 394;6 595;5 429;4 009;3 096;1 783;1 044;421;149;60;141 258
La Réunion;M;2025;27 056;31 831;34 841;33 492;24 143;20 563;23 490;25 252;25 407;26 037;28 890;32 067;29 592;23 273;17 042;10 927;7 118;3 642;1 251;292;426 206
Mayotte;M;2025;26 135;23 776;21 707;15 907;8 938;8 830;9 311;9 707;8 631;7 790;4 905;4 036;2 862;1 977;1 012;701;400;180;75;63;156 943
DOM;M;2025;83 485;90 694;93 072;85 979;58 887;51 544;56 399;59 506;59 234;59 182;65 339;70 273;67 616;55 173;42 031;28 759;17 986;10 118;3 739;1 052;1 060 068
Auvergne-Rhône-Alpes;F;2025;196 523;232 310;252 895;250 807;229 471;231 531;250 779;269 068;274 129;251 756;272 818;266 580;257 335;240 414;229 347;205 808;132 005;99 516;61 490;22 604;4 227 186
Bourgogne-Franche-Comté;F;2025;60 071;73 624;80 556;79 753;69 717;69 372;73 041;82 046;84 835;80 679;93 315;94 606;95 909;94 251;92 096;81 556;48 892;39 922;24 063;8 840;1 427 144
Bretagne;F;2025;76 201;89 480;101 510;103 205;89 553;86 667;92 821;102 090;107 887;102 788;116 664;115 175;118 724;117 971;113 297;100 911;58 655;49 999;28 952;9 058;1 781 608
Centre-Val-de-Loire;F;2025;59 356;69 245;78 232;75 852;63 918;65 000;69 792;77 328;79 739;75 728;87 594;87 508;86 426;84 604;83 007;73 453;44 520;35 753;22 004;7 692;1 326 751
Corse;F;2025;7 455;9 257;9 659;8 529;8 457;8 846;10 633;11 694;12 598;11 706;12 442;12 280;12 495;11 985;11 921;10 217;7 444;4 740;2 569;898;185 825
Grand Est;F;2025;121 844;144 345;161 955;163 672;152 953;151 291;161 238;176 033;178 994;164 660;185 202;187 497;188 806;180 714;169 296;137 756;84 281;70 665;40 333;13 347;2 834 882
Hauts-de-France;F;2025;148 816;172 632;194 930;194 528;180 304;170 004;175 804;193 135;195 192;181 398;196 962;189 025;187 591;180 191;171 608;146 160;76 909;66 317;38 729;13 746;3 073 981
Île-de-France;F;2025;339 842;353 698;391 699;391 248;426 753;451 160;454 546;456 217;440 577;406 519;407 009;383 539;352 861;299 469;270 854;235 277;145 230;110 974;68 613;29 638;6 415 723
Normandie;F;2025;77 646;91 515;100 074;99 566;88 416;86 690;91 958;101 139;104 630;96 361;109 319;110 493;113 757;111 403;108 270;93 297;53 576;45 612;27 799;9 662;1 721 183
Nouvelle-Aquitaine;F;2025;127 711;150 622;168 447;172 959;154 879;153 330;167 873;184 929;194 897;187 375;213 480;212 230;216 920;216 172;211 532;187 034;113 548;90 047;55 500;20 997;3 200 482
Occitanie;F;2025;133 436;157 605;175 708;180 978;169 997;164 543;176 222;188 441;196 937;187 634;207 751;208 733;210 954;203 242;195 047;177 213;110 516;83 653;50 842;18 380;3 197 832
Pays de la Loire;F;2025;92 259;107 042;121 924;123 678;107 660;104 230;110 380;120 736;126 789;119 576;129 924;123 710;124 602;121 085;118 365;103 680;60 707;51 131;31 005;11 565;2 010 048
Provence-Alpes-Côte d'Azur;F;2025;117 570;130 807;145 949;143 409;132 017;137 745;150 811;165 497;168 724;159 828;175 563;181 916;181 955;171 523;165 902;154 641;105 621;75 437;46 530;18 726;2 730 171
Guadeloupe;F;2025;8 562;9 432;11 070;11 345;9 012;8 641;10 478;11 282;12 096;12 799;16 257;17 245;17 045;14 476;12 848;10 313;6 305;4 149;2 278;877;206 510
Martinique;F;2025;7 271;8 802;9 399;9 799;7 655;7 718;10 217;11 208;10 821;10 931;14 838;16 313;17 215;14 794;12 813;9 559;6 377;4 825;2 198;922;193 675
Guyane;F;2025;13 202;15 316;14 853;14 011;10 628;10 259;10 748;10 628;10 634;8 678;8 244;6 727;5 475;4 201;3 091;2 135;1 165;700;276;125;151 096
La Réunion;F;2025;27 290;30 534;33 572;32 671;24 899;24 789;29 414;30 988;31 773;30 510;31 248;33 384;31 424;24 704;20 312;13 907;9 163;5 832;2 521;1 034;469 969
Mayotte;F;2025;25 604;24 551;22 328;16 987;12 304;13 104;13 228;12 164;9 720;6 994;4 690;3 749;2 548;1 717;1 085;787;387;231;81;80;172 339
DOM;F;2025;81 929;88 635;91 222;84 813;64 498;64 511;74 085;76 270;75 044;69 912;75 277;77 418;73 707;59 892;50 149;36 701;23 397;15 737;7 354;3 038;1 193 589
