Pays,population,IDH,PIB_par_habitant,import_kg_poulet_par_habitant,Politic_score,Access_Elec_Pct,LPI,consommation_kg_poulet_par_habitant,dist,Continent
Afghanistan,41454761.0,0.496,396.01599676331506,0.11606049302756805,2.485,85.3,1.9,0.7945246626798789,5590.381,Asia
Afrique du Sud,63212384.0,0.741,5976.385850721909,4.949222291631969,0.298,87.7,3.7,33.57915246480816,9353.552,Africa
Albanie,2811655.0,0.81,8172.294966132047,17.048236714675166,-0.622,100.0,2.5,22.99704622366542,1603.534,Europe
Algérie,46164219.0,0.763,5364.027937069616,0.0006078300598998545,-1.563,100.0,2.5,9.122530156959874,1340.39,Africa
Allemagne,84548231.0,0.959,53528.07326776595,5.830301050296368,0.004,100.0,4.1,11.120669100693544,439.8984,Europe
Angola,36749906.0,0.616,2464.010768544551,5.702380299965937,-0.644,51.1,2.1,7.341469662534647,6510.322,Africa
Arabie Saoudite,33264292.0,0.9,32093.963890167874,12.754670984730414,-1.695,100.0,3.4,42.37884485862498,4694.5,Asia
Argentine,45538401.0,0.865,14187.482741258307,0.040864851622699705,1.901,100.0,2.8,45.66941601660542,11072.25,South America
Arménie,2943393.0,0.811,8228.118818316141,12.992057125908772,2.59,100.0,2.5,17.389567074461343,3434.071,Asia
Australie,26451124.0,0.958,67128.63065093188,0.007347135796573333,-1.158,100.0,3.7,51.236833640793485,16975.46,Oceania
Autriche,9130429.0,0.93,56041.74829517868,6.223549846343474,-0.237,100.0,4.0,11.626966268507209,1035.144,Europe
Azerbaïdjan,10318207.0,0.789,7012.475759693521,2.5026373283652865,1.04,100.0,2.448376,15.049633138780798,3817.547,Asia
Bahreïn,1569666.0,0.899,28453.47527499481,31.0417439123992,1.363,100.0,3.5,35.306886942827326,4843.391,Asia
Bangladesh,171466990.0,0.685,2463.628461233267,0.0002744551589784133,2.656,99.5,2.6,1.3236069519853355,7916.79,Asia
Belgique,11712893.0,0.951,55048.97523464101,15.624083648676718,-0.747,100.0,4.0,9.532603943363949,262.3845,Europe
Bhoutan,786385.0,0.698,3839.3293361394226,3.428854823019259,-1.176,100.0,2.5,4.910470062374028,7569.353,Asia
Biélorussie,9115680.0,0.824,7882.833432941919,2.92596163972408,3.183,100.0,2.7,45.035780106366175,1823.709,Europe
Bolivie,12244159.0,0.733,3686.279964920416,0.2531100747711623,1.986,99.8,2.4,45.15615323192063,10038.45,South America
Bosnie-Herzégovine,3185073.0,0.804,8638.667155509465,3.632359446706559,1.231,100.0,3.0,21.223739612875434,1352.463,Europe
Botswana,2480244.0,0.731,7820.103638593622,2.024639511273891,-2.491,76.0,3.1,2.6138396061032703,8522.764,Africa
Brésil,211140729.0,0.786,10377.589771976205,0.009967854188852402,1.695,99.8,3.2,46.51287634798305,9408.406,South America
Bulgarie,6795803.0,0.845,15067.661491217446,13.437370094453886,0.538,100.0,3.2,23.25903355350354,1760.707,Europe
Burkina Faso,23025776.0,0.459,882.689809846148,0.009633117250858343,1.533,21.7,2.3,6.641626323473311,4082.87,Africa
Cambodge,17423880.0,0.606,2457.7819139594626,1.7162285323360813,0.983,95.0,2.4,2.632395310344194,9947.79,Asia
Cameroun,28372687.0,0.588,1736.8609102479438,0.061521843172625844,2.151,72.0,2.1,4.215233474362157,5085.718,Africa
Canada,39299105.0,0.939,54517.040894468206,4.106029386674328,-0.058,100.0,4.0,37.748441599369755,6004.645,North America
Chili,19658835.0,0.878,17067.81362211952,5.031223874659918,0.448,100.0,3.0,33.846453770022485,11663.39,South America
Chine,1461501458.0,0.797,12436.247978544952,1.385527629080203,-0.11,100.0,3.7,11.926816825659301,8225.232,Asia
Chypre,1344976.0,0.913,25195.214475202534,11.147745387278286,0.397,100.0,3.2,27.5690123838641,2954.551,Asia
Colombie,52321152.0,0.788,6948.242917319558,0.8121908324954313,0.678,98.7,2.9,35.53473000747384,8707.677,South America
Comores,850387.0,0.603,1702.6302154195678,20.68631105602508,1.198,89.8,2.56,21.364461121818653,7842.67,Africa
Congo,6182885.0,0.649,2291.2710391669907,34.56959817302117,-0.25,51.3,2.6,35.706090279861264,6041.018,Africa
Congo (Rép. dém.),105789731.0,0.522,655.4347990260038,0.5534847233896455,-0.573,22.1,2.5,0.6473616990291808,6049.656,Africa
Costa Rica,5105525.0,0.833,16942.026827407564,5.592888096718751,-0.711,100.0,2.9,34.45708129918079,8919.449,North America
Croatie,3896023.0,0.889,21660.90183836184,5.233015821518507,0.753,100.0,3.3,12.850006275630303,1081.762,Europe
Côte d'Ivoire,31165654.0,0.582,2528.065957062862,0.009196662454123376,0.3,72.4,3.08,3.8148174269020636,4884.159,Africa
Danemark,5948136.0,0.962,68440.25091305915,6.552293020872421,-1.645,100.0,4.1,16.500486875216033,1027.609,Europe
Djibouti,1152944.0,0.513,3468.9693072690434,2.940177493442873,0.36,65.2,2.7,2.940177493442873,5595.459,Africa
Espagne,47911579.0,0.918,33814.179552650516,3.020114406999611,0.178,100.0,3.9,28.617317955644918,1054.656,Europe
Estonie,1367196.0,0.905,30201.40873876167,13.287582760628322,-1.164,100.0,3.6,16.77860379930895,1859.091,Europe
Fidji,924145.0,0.731,5888.736686342511,3.7737800886224564,-1.609,99.3,2.3,43.39669640586705,16595.08,Oceania
Finlande,5601185.0,0.948,52762.46745197668,1.4281013749769023,-1.204,100.0,4.2,18.8355339093424,1911.138,Europe
Fédération de Russie,145440500.0,0.832,13809.21443127602,0.6176943148572784,1.242,100.0,2.6,34.64250879225525,2494.316,Europe
Gabon,2484789.0,0.733,8071.402209604115,29.02585692386758,-0.347,94.1,2.4,30.71217717077788,5438.787,Africa
Gambie,2697845.0,0.524,890.0278396275546,14.964536509695701,-0.803,66.9,2.3,15.35700160683805,4308.25,Africa
Ghana,33787914.0,0.628,2260.287344462875,6.837488694922095,-0.5,89.5,2.5,9.038691764161587,4827.292,Africa
Grèce,10242908.0,0.908,23772.383119910868,5.855017930454906,-1.371,100.0,3.7,28.23461852825389,2098.726,Europe
Guatemala,18124838.0,0.662,5762.840754438743,8.144388931917627,0.959,100.0,2.6,25.696658364615452,9001.048,North America
Guinée,14405468.0,0.5,1597.0424735246365,4.444315866725052,2.429,51.1,2.5,5.472219298949538,4691.556,Africa
Guinée-Bissau,2153339.0,0.514,855.1471500771593,2.3386703161926663,0.512,40.5,2.6,3.8473273367546867,4440.633,Africa
Guyana,826353.0,0.776,20188.593891472527,0.3029697962008972,0.69,98.9,2.4,75.97039037796196,7320.075,South America
Géorgie,3807492.0,0.844,8019.851550311859,16.054741546403775,1.556,100.0,2.7,18.86308099925095,3373.349,Asia
Haïti,11637398.0,0.554,1704.9529410268515,8.993085052174035,0.536,51.3,2.1,9.758195947238377,7361.197,North America
Honduras,10644851.0,0.645,3231.6572678189673,1.4858066120418219,0.394,95.6,2.9,23.702774233288938,8810.234,North America
Hongrie,9686463.0,0.87,21954.00802914335,8.865008827267497,2.528,100.0,3.2,16.627946650908594,1247.24,Europe
Inde,1438069596.0,0.685,2486.5124220204984,1.73983234675104e-05,2.194,99.5,3.4,3.4871393734688207,6594.23,Asia
Indonésie,281190067.0,0.728,4876.314327031331,3.990183621955608e-05,0.807,99.4,3.0,15.800805332145677,11584.25,Asia
Iran,90608707.0,0.799,4432.20412489718,0.7450293932568754,1.639,100.0,2.3,23.344072882532135,4218.442,Asia
Iraq,45074049.0,0.695,5149.465180862718,11.197840690992725,1.52,100.0,2.4,15.06651554645113,3867.434,Asia
Irlande,5196630.0,0.949,106106.24372718473,14.193556208542844,-2.49,100.0,3.6,22.175806243661757,778.2031,Europe
Islande,387558.0,0.972,80826.91250341885,4.654425918185149,-1.3,100.0,3.6,28.684274353774146,2234.723,Europe
Israël,9256314.0,0.919,55487.64884337329,0.0,1.016,100.0,3.6,61.3115674338619,3281.899,Asia
Italie,59499453.0,0.915,38671.635401286796,1.210976510994143,0.247,100.0,3.7,16.2281656606154,1109.901,Europe
Jamaïque,2839786.0,0.72,6839.725450438871,4.979759038181046,-0.595,97.7,2.5,52.926959989238625,7734.696,North America
Jordanie,11439213.0,0.754,4442.057539185606,4.814615306140379,-1.073,100.0,2.69,22.6095011955805,3371.398,Asia
Kazakhstan,20330104.0,0.837,13000.068139198893,7.379582022797326,-0.121,100.0,2.7,22.495598153359175,5561.785,Asia
Kenya,55339002.0,0.628,1952.3046020417933,0.01980809122650965,-0.629,76.2,2.81,1.7078343769191935,6491.402,Africa
Kirghizistan,7073516.0,0.72,1977.4646689142994,6.723902229103603,-0.388,100.0,2.3,7.851412225546673,5424.702,Asia
Koweït,4838782.0,0.852,33831.79727584338,20.833341944315737,-1.181,100.0,3.2,33.33210092953144,4415.222,Asia
Lesotho,2311472.0,0.55,916.2829698997003,7.2591880844760395,-0.518,57.3,2.28,7.473285421584168,9054.14,Africa
Lettonie,1882396.0,0.889,22443.656948378557,18.42100705696357,-1.21,100.0,3.5,29.78586864825467,1704.598,Europe
Liban,5773493.0,0.752,4756.825947307808,1.0744881824573096,1.2,100.0,2.72,21.974620909733503,3197.032,Asia
Libye,7305659.0,0.721,6026.824080894003,13.211509050723556,2.476,73.2,1.9,31.153378497408653,2007.716,Africa
Libéria,5493031.0,0.51,917.3873229552136,0.3164500619057129,1.681,32.5,2.4,3.0027101612934644,4892.298,Africa
Lituanie,2854099.0,0.895,27956.240276178225,14.924436748690217,-0.931,100.0,3.4,23.391700848498946,1700.296,Europe
Luxembourg,665098.0,0.922,128935.89534775326,13.616279104733438,-1.887,100.0,3.6,12.815555000917158,289.1023,Europe
Macédoine du Nord,1831802.0,0.815,8605.527202175781,19.736472610030997,0.993,100.0,3.1,20.434883246115028,1672.04,Europe
Madagascar,31195932.0,0.487,508.7184276783268,7.372756165771871e-06,2.376,39.4,2.3,1.7619531290169501,8763.332,Africa
Malaisie,35126298.0,0.819,11377.477081587134,6.766196654142147,2.454,100.0,3.6,49.806917597749695,10436.4,Asia
Malawi,21104482.0,0.517,598.2935454658399,0.014275640596153936,-0.511,15.6,2.59,4.6586852972747685,7650.657,Africa
Maldives,525994.0,0.766,12530.359943269315,26.843956394939866,1.021,100.0,2.67,15.422818511237772,8294.178,Asia
Malte,532956.0,0.924,41676.30423337011,10.544397661345402,0.897,100.0,3.3,18.277850329107842,1752.693,Europe
Maroc,37712505.0,0.71,3829.9634067002444,0.15304976426254369,-0.81,100.0,2.54,15.130166240614352,1816.853,Africa
Maurice,1273588.0,0.806,11304.383584801364,0.2379733477388292,0.171,100.0,2.5,46.143619443650536,9422.744,Africa
Mauritanie,5022441.0,0.563,2120.825386301203,10.238710618999805,-1.056,50.3,2.3,11.216599657417579,3794.96,Africa
Mexique,129739759.0,0.789,13826.130917832212,7.454248392738267,1.615,99.7,2.9,37.42287589727988,9206.813,North America
Mongolie,3431932.0,0.747,5790.373578788857,7.3573951931448525,0.101,100.0,2.5,7.385563000665514,7053.423,Asia
Mozambique,33635160.0,0.493,622.985625101828,1.3102328040062838,-0.744,36.0,2.684105,5.852441611694429,8855.655,Africa
Namibie,2963095.0,0.665,4168.285135643643,8.037791565913343,-0.293,56.7,2.9,6.246728505160989,8084.97,Africa
Nicaragua,6823613.0,0.706,2612.8691508442816,2.078864964938662,3.141,88.3,2.5,25.938707250836178,8906.699,North America
Niger,26159867.0,0.419,642.937917880087,0.18361675921364584,-0.442,20.1,2.07,0.9628588708038921,3932.638,Africa
Nigéria,227882945.0,0.56,1645.5108611528608,0.002977976258820071,-0.594,61.2,2.6,1.4253002127912644,4722.149,Africa
Norvège,5519167.0,0.97,87931.89689748471,0.12709889010424943,-2.111,100.0,3.7,19.14161321808164,1342.89,Europe
Oman,5049269.0,0.858,20972.483088740173,18.11428743447814,-2.974,100.0,3.3,13.219567030395883,5620.005,Asia
Ouganda,48656601.0,0.582,1048.6253902117,0.001227171622612932,-0.251,51.5,2.58,1.8764757118977546,6128.938,Africa
Ouzbékistan,35652307.0,0.74,2549.3202812373406,2.000666885315444,-1.182,100.0,2.6,6.7499979734831745,5153.064,Asia
Pakistan,247504495.0,0.544,1211.550430007342,0.0002489651753597445,1.314,95.6,2.42,8.70167444837719,5932.586,Asia
Panama,4458759.0,0.839,18700.80890220799,2.76038018650481,-0.835,97.0,3.1,48.7438163847833,8671.104,North America
Papouasie-Nouvelle-Guinée,10389635.0,0.576,2985.686759159489,2.7764189983574976,-1.066,20.5,2.7,3.4328684308929045,14565.84,Oceania
Paraguay,6844146.0,0.756,6276.195174094766,0.0008036064689444088,-0.927,99.8,2.7,9.161521393611416,10168.73,South America
Pays-Bas (Royaume des),18092524.0,0.955,63803.22089930625,36.07128668172556,-0.091,100.0,4.1,14.332099822003828,427.9169,Europe
Philippines,114891199.0,0.72,3804.8725644859883,2.3373233314416018,0.506,98.0,3.3,15.357432034458967,10751.64,Asia
Pologne,38762844.0,0.906,20875.679240769845,0.7177509988689168,3.355,100.0,3.6,20.918016490224506,1368.178,Europe
Portugal,10430738.0,0.89,27717.529638267206,5.727782636281344,-1.189,100.0,3.4,26.293703283506883,1452.86,Europe
Pérou,33845617.0,0.794,7906.584585945058,2.8017010297079237,2.519,96.2,3.0,43.34665903712141,10268.11,South America
Qatar,2979082.0,0.886,71499.47847357005,32.58405441676329,-2.078,100.0,3.5,45.40847482546637,4981.916,Asia
Roumanie,19118479.0,0.845,18347.510565563298,4.329018537510228,0.92,100.0,3.2,19.800352318822014,1875.018,Europe
Royaume-Uni de Grande-Bretagne et d'Irlande du Nord,68682962.0,0.946,49224.06405259575,6.578486670391414,-0.281,100.0,3.7,29.242157174293094,342.9475,Europe
Rwanda,13954471.0,0.578,1010.2811106920499,0.15486649404337866,0.779,63.9,2.8,0.9001129458794963,6253.41,Africa
République arabe syrienne,23594623.0,0.564,1230.270395759237,0.39508408335238077,3.1,88.4,2.3,4.866992788992644,3280.692,Asia
République de Corée,51748739.0,0.937,35538.22356649116,4.750545129225275,0.855,100.0,3.8,22.340535099802143,8981.467,Asia
République de Moldova,3067070.0,0.785,5393.392330791276,6.7243069118083385,-0.251,100.0,2.5,21.396146811125927,1976.854,Europe
République dominicaine,11331265.0,0.776,10717.62767122647,4.112682035059634,-0.903,99.6,2.6,38.14353648952699,7178.52,North America
République démocratique populaire lao,7664993.0,0.617,1957.9990052176172,1.2111400493125042,-1.474,96.5,2.4,6.580063412973763,9245.57,Asia
République-Unie de Tanzanie,66617606.0,0.555,1213.4335487228407,0.14137914232462812,-0.833,48.3,2.990185,1.5947386341082266,7168.277,Africa
Salvador,6309624.0,0.678,5391.068504240507,2.7576254940072498,1.526,98.3,2.7,28.883096678978017,8984.298,North America
Sao Tomé-et-Principe,230871.0,0.637,2962.9907957257515,14.64116324700807,-2.372,81.3,2.65,16.98472307045926,5432.882,Africa
Sierra Leone,8460512.0,0.467,757.8583310324482,3.6425431463249507,0.639,35.5,2.08,5.983782068981168,4724.351,Africa
Slovaquie,5518055.0,0.88,24086.083997712958,19.681052472293228,0.551,100.0,3.3,18.350226665011494,1094.61,Europe
Slovénie,2118396.0,0.931,32641.899067502014,9.00170223131086,1.958,100.0,3.3,26.851433820683194,965.7366,Europe
Sri Lanka,22971617.0,0.776,3672.5192920463546,0.00872119711903607,-0.613,100.0,2.8,10.208283552698967,8526.015,Asia
Suisse,8870561.0,0.97,100830.69398260154,3.6738104839141514,-1.314,100.0,4.1,15.805632811724085,436.0778,Europe
Suède,10551494.0,0.959,55438.6398520437,6.3298448541978996,-1.148,100.0,4.0,13.65004993605645,1545.797,Europe
Sénégal,18077573.0,0.53,1682.0912339283598,0.006869838113777773,0.014,74.2,2.25,8.219893787733563,4217.159,Africa
Tadjikistan,10389799.0,0.691,1160.8116217647714,0.13763500140859317,-1.454,100.0,2.5,4.165779337983343,5291.823,Asia
Tchéquie,10809716.0,0.915,31749.94371304482,9.318802640143367,-0.351,100.0,3.3,20.34194607887941,884.6105,Europe
Thaïlande,71702435.0,0.798,7181.694736531612,0.01105610987967145,0.949,100.0,3.5,9.248049246863095,9454.805,Asia
Tunisie,12200431.0,0.746,3978.6342584946383,0.037194587633830316,1.233,100.0,2.57,12.401530732807718,1483.828,Africa
Turkménistan,7364438.0,0.764,8131.9626620524205,5.355902242642276,-1.823,100.0,2.41,8.158147301939401,4581.08,Asia
Turquie,87270501.0,0.853,12813.641150324094,0.7775166777145006,3.085,100.0,3.4,20.937045038849956,2255.81,Asia
Ukraine,37732836.0,0.779,4737.439332548447,1.5063916743496302,1.645,100.0,2.7,23.89946358656953,2025.144,Europe
Uruguay,3388081.0,0.862,22796.311633340527,0.8451155683704138,-2.046,100.0,3.0,21.235888398181743,10972.42,South America
Venezuela,28300854.0,0.709,4925.466385784684,0.006802621574599834,1.973,100.0,2.3,17.66875833499583,7618.86,South America
Viet Nam,100352192.0,0.766,4282.088517309118,2.354923746957117,0.401,99.8,3.3,17.690712326443254,9208.554,Asia
Yémen,39390799.0,0.47,222.3346535824267,2.9649459509567198,2.85,83.6,2.2,8.138668118917822,5317.261,Asia
Zambie,20723965.0,0.595,1330.7278144409142,1.0916072286360259,-0.521,51.1,2.53,3.364547276546742,7604.841,Africa
Zimbabwe,16340822.0,0.598,1858.425699698583,0.4668969529195043,1.62,62.0,2.5,6.450316881243795,7949.676,Africa
Égypte,114535772.0,0.754,2895.074486109021,0.2132510182059104,-0.09,100.0,3.1,18.321676829488695,3215.215,Africa
Émirats arabes unis,10642081.0,0.94,48311.080572775194,54.9728009023799,-1.457,100.0,4.0,45.94608047053955,5249.535,Asia
Équateur,17980083.0,0.777,6609.804125598308,0.0023698444551118036,0.673,98.7,2.88,31.326240262628374,9367.098,South America
États-Unis d'Amérique,343477335.0,0.938,80706.0529918226,0.17481380539999822,1.454,100.0,3.8,47.31744162973665,5838.157,North America
Éthiopie,128691692.0,0.497,1241.3112993727675,0.001050572868371332,1.612,55.4,2.376767,0.5010226301166356,5582.502,Africa
Îles Salomon,800005.0,0.584,2041.6333735414153,7.101830613558665,-0.897,81.3,2.8,7.457678389510066,15178.2,Oceania
