Entity,Code,Year,"Tariff rate, applied, weighted mean, all products (%)"
Afghanistan,AFG,2004,4.01
Afghanistan,AFG,2006,7.79
Afghanistan,AFG,2007,7.8
Afghanistan,AFG,2008,5
Afghanistan,AFG,2012,5.47
Afghanistan,AFG,2013,5.47
Afghanistan,AFG,2018,5.63
Albania,ALB,1997,14.41
Albania,ALB,2000,11.65
Albania,ALB,2001,11.28
Albania,ALB,2002,8.35
Albania,ALB,2003,8.17
Albania,ALB,2004,7.34
Albania,ALB,2005,7.11
Albania,ALB,2006,6.61
Albania,ALB,2007,5.72
Albania,ALB,2008,2.08
Albania,ALB,2009,4.9
Albania,ALB,2010,4.87
Albania,ALB,2011,1.24
Albania,ALB,2012,1.1
Albania,ALB,2013,1.17
Albania,ALB,2014,1.14
Albania,ALB,2015,1.11
Albania,ALB,2016,1.06
Albania,ALB,2017,0.85
Albania,ALB,2018,1.02
Albania,ALB,2019,1.02
Albania,ALB,2020,1.1
Albania,ALB,2021,1.13
Albania,ALB,2022,0.26
Algeria,DZA,1993,15.44
Algeria,DZA,1997,16.93
Algeria,DZA,1998,17.26
Algeria,DZA,2001,15.16
Algeria,DZA,2002,12.99
Algeria,DZA,2003,11.97
Algeria,DZA,2005,10.23
Algeria,DZA,2006,9.93
Algeria,DZA,2007,9.63
Algeria,DZA,2008,9.2
Algeria,DZA,2009,9.36
Algeria,DZA,2014,8.35
Algeria,DZA,2015,8.27
Algeria,DZA,2016,8.85
Algeria,DZA,2017,9.38
Algeria,DZA,2018,9.98
Algeria,DZA,2019,9.99
Algeria,DZA,2020,10.16
Algeria,DZA,2021,10.29
Algeria,DZA,2022,9.25
Angola,AGO,2002,8.44
Angola,AGO,2004,6.16
Angola,AGO,2005,7.08
Angola,AGO,2006,7.08
Angola,AGO,2008,9.17
Angola,AGO,2009,9.15
Angola,AGO,2010,9.23
Angola,AGO,2011,8.36
Angola,AGO,2012,7.61
Angola,AGO,2013,7.52
Angola,AGO,2014,10.3
Angola,AGO,2015,9.38
Angola,AGO,2016,9.38
Angola,AGO,2018,7.68
Angola,AGO,2019,6.52
Angola,AGO,2020,9.23
Angola,AGO,2021,11.33
Angola,AGO,2022,8.85
Antigua and Barbuda,ATG,1996,22.64
Antigua and Barbuda,ATG,1999,20.3
Antigua and Barbuda,ATG,2000,15.39
Antigua and Barbuda,ATG,2001,12.8
Antigua and Barbuda,ATG,2002,12.8
Antigua and Barbuda,ATG,2003,12.36
Antigua and Barbuda,ATG,2004,12.11
Antigua and Barbuda,ATG,2005,12.18
Antigua and Barbuda,ATG,2006,11.73
Antigua and Barbuda,ATG,2007,13.57
Antigua and Barbuda,ATG,2008,12.83
Antigua and Barbuda,ATG,2009,14.8
Antigua and Barbuda,ATG,2010,11.56
Antigua and Barbuda,ATG,2011,11.56
Antigua and Barbuda,ATG,2012,12
Antigua and Barbuda,ATG,2013,14.51
Antigua and Barbuda,ATG,2014,9.95
Antigua and Barbuda,ATG,2015,12.03
Antigua and Barbuda,ATG,2016,11.88
Antigua and Barbuda,ATG,2017,12.72
Antigua and Barbuda,ATG,2018,14.89
Antigua and Barbuda,ATG,2019,13.07
Antigua and Barbuda,ATG,2020,13.07
Antigua and Barbuda,ATG,2021,13.07
Argentina,ARG,1992,12.66
Argentina,ARG,1993,12.53
Argentina,ARG,1995,8.34
Argentina,ARG,1996,13.33
Argentina,ARG,1997,13.93
Argentina,ARG,1998,15.67
Argentina,ARG,1999,11.29
Argentina,ARG,2000,10.52
Argentina,ARG,2001,9.25
Argentina,ARG,2002,12.01
Argentina,ARG,2003,12.87
Argentina,ARG,2004,5.96
Argentina,ARG,2005,5.22
Argentina,ARG,2006,5.49
Argentina,ARG,2007,5.83
Argentina,ARG,2008,5.39
Argentina,ARG,2009,5.93
Argentina,ARG,2010,5.99
Argentina,ARG,2011,5.68
Argentina,ARG,2012,6.02
Argentina,ARG,2013,6.27
Argentina,ARG,2014,6.63
Argentina,ARG,2015,7.35
Argentina,ARG,2016,7.53
Argentina,ARG,2017,7.93
Argentina,ARG,2018,7.42
Argentina,ARG,2019,7.26
Argentina,ARG,2020,6.88
Argentina,ARG,2021,6.51
Argentina,ARG,2022,6.45
Armenia,ARM,2001,2.43
Armenia,ARM,2003,2.27
Armenia,ARM,2004,2.41
Armenia,ARM,2005,2.28
Armenia,ARM,2006,1.94
Armenia,ARM,2007,2.42
Armenia,ARM,2008,2.27
Armenia,ARM,2009,2.69
Armenia,ARM,2010,2.8
Armenia,ARM,2011,3.08
Armenia,ARM,2012,2.41
Armenia,ARM,2013,2.23
Armenia,ARM,2014,2.39
Armenia,ARM,2015,2.93
Armenia,ARM,2016,2.13
Armenia,ARM,2017,2.22
Armenia,ARM,2019,4.09
Armenia,ARM,2020,3.11
Armenia,ARM,2021,3.61
Aruba,ABW,2011,9.97
Aruba,ABW,2012,9.52
Aruba,ABW,2013,9.69
Aruba,ABW,2015,10.02
Aruba,ABW,2016,10.16
Aruba,ABW,2017,10.3
Aruba,ABW,2018,10.15
Aruba,ABW,2019,12.12
Aruba,ABW,2021,9.66
Australia,AUS,1991,18.56
Australia,AUS,1993,9.75
Australia,AUS,1996,6.81
Australia,AUS,1997,6.82
Australia,AUS,1998,6.49
Australia,AUS,1999,6.1
Australia,AUS,2000,5.83
Australia,AUS,2001,4.8
Australia,AUS,2002,3.69
Australia,AUS,2003,3.74
Australia,AUS,2004,3.69
Australia,AUS,2005,3.07
Australia,AUS,2006,3.38
Australia,AUS,2007,3.45
Australia,AUS,2008,3.15
Australia,AUS,2009,3.67
Australia,AUS,2010,2.8
Australia,AUS,2011,1.77
Australia,AUS,2012,1.81
Australia,AUS,2013,1.84
Australia,AUS,2014,1.91
Australia,AUS,2015,1.9
Australia,AUS,2016,1.18
Australia,AUS,2017,0.89
Australia,AUS,2018,0.86
Australia,AUS,2019,0.77
Australia,AUS,2020,0.71
Australia,AUS,2021,0.81
Australia,AUS,2022,0.99
Austria,AUT,1990,17.52
Austria,AUT,2000,2.41
Austria,AUT,2001,3.37
Austria,AUT,2002,2.45
Austria,AUT,2003,2.52
Austria,AUT,2004,2.24
Austria,AUT,2005,2.46
Austria,AUT,2006,2.3
Austria,AUT,2007,2.24
Austria,AUT,2008,1.72
Austria,AUT,2009,1.85
Austria,AUT,2010,2.13
Austria,AUT,2011,1.59
Austria,AUT,2012,1.46
Austria,AUT,2013,1.49
Austria,AUT,2014,2.03
Austria,AUT,2015,2.02
Austria,AUT,2016,2.09
Austria,AUT,2017,1.96
Austria,AUT,2018,1.83
Austria,AUT,2019,1.84
Austria,AUT,2020,1.48
Austria,AUT,2021,1.39
Austria,AUT,2022,1.33
Azerbaijan,AZE,2002,6.75
Azerbaijan,AZE,2005,6.09
Azerbaijan,AZE,2007,4.04
Azerbaijan,AZE,2008,3.86
Azerbaijan,AZE,2009,4.4
Azerbaijan,AZE,2011,4.06
Azerbaijan,AZE,2012,4.76
Azerbaijan,AZE,2013,4.74
Azerbaijan,AZE,2014,5.23
Azerbaijan,AZE,2015,5.19
Azerbaijan,AZE,2019,11.98
Azerbaijan,AZE,2020,5.93
Azerbaijan,AZE,2021,6.01
Azerbaijan,AZE,2022,5.45
Bahamas,BHS,1999,28.58
Bahamas,BHS,2002,25.02
Bahamas,BHS,2006,23.88
Bahamas,BHS,2010,20.22
Bahamas,BHS,2011,19.46
Bahamas,BHS,2013,19.78
Bahamas,BHS,2014,19.71
Bahamas,BHS,2015,18.66
Bahamas,BHS,2016,18.56
Bahamas,BHS,2018,17.05
Bahamas,BHS,2022,16.34
Bahrain,BHR,1999,10.72
Bahrain,BHR,2000,10.36
Bahrain,BHR,2001,8.51
Bahrain,BHR,2002,5.79
Bahrain,BHR,2003,5.76
Bahrain,BHR,2004,5.77
Bahrain,BHR,2005,5.14
Bahrain,BHR,2006,4.96
Bahrain,BHR,2007,4.48
Bahrain,BHR,2008,4.23
Bahrain,BHR,2009,4.61
Bahrain,BHR,2010,5.15
Bahrain,BHR,2011,3.15
Bahrain,BHR,2012,3.15
Bahrain,BHR,2013,3.76
Bahrain,BHR,2014,2.93
Bahrain,BHR,2015,3.3
Bahrain,BHR,2016,3.13
Bahrain,BHR,2017,7.83
Bahrain,BHR,2018,4.28
Bahrain,BHR,2019,3.5
Bahrain,BHR,2020,2.02
Bahrain,BHR,2021,2.09
Bahrain,BHR,2022,3.66
Bangladesh,BGD,1989,88.43
Bangladesh,BGD,1994,77.19
Bangladesh,BGD,1998,22.14
Bangladesh,BGD,1999,18.51
Bangladesh,BGD,2000,18.1
Bangladesh,BGD,2001,17.88
Bangladesh,BGD,2002,18.31
Bangladesh,BGD,2003,19.06
Bangladesh,BGD,2004,15.8
Bangladesh,BGD,2005,22.7
Bangladesh,BGD,2006,21.62
Bangladesh,BGD,2007,9.23
Bangladesh,BGD,2008,7.71
Bangladesh,BGD,2009,10.71
Bangladesh,BGD,2010,9.94
Bangladesh,BGD,2011,9.63
Bangladesh,BGD,2012,12.84
Bangladesh,BGD,2013,12.09
Bangladesh,BGD,2015,11.82
Bangladesh,BGD,2016,10.72
Bangladesh,BGD,2019,8.64
Bangladesh,BGD,2020,10.99
Bangladesh,BGD,2021,10.95
Bangladesh,BGD,2022,10.56
Barbados,BRB,1996,22.93
Barbados,BRB,1999,22.77
Barbados,BRB,2000,21.01
Barbados,BRB,2001,20.34
Barbados,BRB,2002,20.78
Barbados,BRB,2003,21.45
Barbados,BRB,2004,15.48
Barbados,BRB,2006,12.66
Barbados,BRB,2007,14.79
Barbados,BRB,2010,15.77
Barbados,BRB,2011,13.15
Barbados,BRB,2012,8.42
Barbados,BRB,2013,14.21
Barbados,BRB,2020,11.82
Barbados,BRB,2021,12.24
Barbados,BRB,2022,14.58
Belarus,BLR,1996,8.85
Belarus,BLR,1997,9.5
Belarus,BLR,2000,7.63
Belarus,BLR,2001,7.91
Belarus,BLR,2002,8.8
Belarus,BLR,2008,2.75
Belarus,BLR,2009,2.79
Belarus,BLR,2010,2.63
Belarus,BLR,2011,2.34
Belarus,BLR,2012,2.47
Belarus,BLR,2013,2.96
Belarus,BLR,2014,2.39
Belarus,BLR,2015,1.97
Belarus,BLR,2016,1.82
Belarus,BLR,2017,1.51
Belarus,BLR,2018,1.65
Belarus,BLR,2019,2.82
Belarus,BLR,2020,1.76
Belarus,BLR,2021,2.27
Belgium,BEL,2000,2.41
Belgium,BEL,2001,3.37
Belgium,BEL,2002,2.45
Belgium,BEL,2003,2.52
Belgium,BEL,2004,2.24
Belgium,BEL,2005,2.46
Belgium,BEL,2006,2.3
Belgium,BEL,2007,2.24
Belgium,BEL,2008,1.72
Belgium,BEL,2009,1.85
Belgium,BEL,2010,2.13
Belgium,BEL,2011,1.59
Belgium,BEL,2012,1.46
Belgium,BEL,2013,1.49
Belgium,BEL,2014,2.03
Belgium,BEL,2015,2.02
Belgium,BEL,2016,2.09
Belgium,BEL,2017,1.96
Belgium,BEL,2018,1.83
Belgium,BEL,2019,1.84
Belgium,BEL,2020,1.48
Belgium,BEL,2021,1.39
Belgium,BEL,2022,1.33
Belize,BLZ,1996,15.63
Belize,BLZ,1999,11.19
Belize,BLZ,2001,10.72
Belize,BLZ,2002,11.65
Belize,BLZ,2003,11.35
Belize,BLZ,2006,9.57
Belize,BLZ,2007,9.27
Belize,BLZ,2008,8.96
Belize,BLZ,2009,11.68
Belize,BLZ,2010,11.73
Belize,BLZ,2011,8.47
Belize,BLZ,2012,8.16
Belize,BLZ,2013,10.05
Belize,BLZ,2014,10.05
Belize,BLZ,2015,10.04
Belize,BLZ,2016,10.52
Belize,BLZ,2017,10.39
Belize,BLZ,2018,11.08
Belize,BLZ,2019,11.17
Belize,BLZ,2020,18.69
Belize,BLZ,2021,17.79
Belize,BLZ,2022,18.05
Benin,BEN,2001,12.62
Benin,BEN,2002,12.7
Benin,BEN,2003,12.69
Benin,BEN,2004,12.7
Benin,BEN,2005,12.68
Benin,BEN,2006,11.57
Benin,BEN,2007,11.03
Benin,BEN,2008,11.03
Benin,BEN,2009,11.03
Benin,BEN,2010,11.03
Benin,BEN,2011,11.15
Benin,BEN,2012,11.15
Benin,BEN,2013,11.15
Benin,BEN,2014,10.64
Benin,BEN,2015,11.81
Benin,BEN,2016,11.2
Benin,BEN,2017,17.84
Benin,BEN,2018,15.25
Benin,BEN,2019,9.86
Benin,BEN,2020,9.86
Benin,BEN,2021,10.89
Benin,BEN,2022,10.16
Bermuda,BMU,2007,18.75
Bermuda,BMU,2008,18.98
Bermuda,BMU,2009,18.68
Bermuda,BMU,2010,18.61
Bermuda,BMU,2011,17.06
Bermuda,BMU,2012,17.44
Bermuda,BMU,2013,17.23
Bermuda,BMU,2014,15.27
Bermuda,BMU,2015,18.67
Bermuda,BMU,2016,18.73
Bermuda,BMU,2017,20.85
Bermuda,BMU,2018,27.59
Bermuda,BMU,2019,103.17
Bermuda,BMU,2020,24.07
Bermuda,BMU,2021,23.84
Bermuda,BMU,2022,29.52
Bhutan,BTN,1996,14.55
Bhutan,BTN,2002,15.54
Bhutan,BTN,2004,21.49
Bhutan,BTN,2005,21.51
Bhutan,BTN,2007,9.97
Bhutan,BTN,2015,2.82
Bhutan,BTN,2019,4.13
Bhutan,BTN,2020,6.6
Bhutan,BTN,2021,3.33
Bhutan,BTN,2022,4.79
Bolivia,BOL,1993,9.44
Bolivia,BOL,1994,9.95
Bolivia,BOL,1995,9.49
Bolivia,BOL,1996,9.31
Bolivia,BOL,1997,9.31
Bolivia,BOL,1998,9.04
Bolivia,BOL,1999,9.06
Bolivia,BOL,2000,8.46
Bolivia,BOL,2001,8.71
Bolivia,BOL,2002,9.25
Bolivia,BOL,2003,8.56
Bolivia,BOL,2004,5.48
Bolivia,BOL,2005,5.57
Bolivia,BOL,2006,4.17
Bolivia,BOL,2007,4.33
Bolivia,BOL,2008,4.04
Bolivia,BOL,2009,3.79
Bolivia,BOL,2010,5.57
Bolivia,BOL,2011,4.05
Bolivia,BOL,2012,3.86
Bolivia,BOL,2013,4.23
Bolivia,BOL,2014,4.49
Bolivia,BOL,2015,4.75
Bolivia,BOL,2016,4.75
Bolivia,BOL,2017,6.1
Bolivia,BOL,2018,4.73
Bolivia,BOL,2019,4.73
Bolivia,BOL,2020,5.18
Bolivia,BOL,2021,5.12
Bolivia,BOL,2022,5.08
Bosnia and Herzegovina,BIH,2001,5.07
Bosnia and Herzegovina,BIH,2006,8.88
Bosnia and Herzegovina,BIH,2007,6.36
Bosnia and Herzegovina,BIH,2008,5.96
Bosnia and Herzegovina,BIH,2009,3.65
Bosnia and Herzegovina,BIH,2010,3.04
Bosnia and Herzegovina,BIH,2011,2.56
Bosnia and Herzegovina,BIH,2012,2.42
Bosnia and Herzegovina,BIH,2013,2.39
Bosnia and Herzegovina,BIH,2014,2.58
Bosnia and Herzegovina,BIH,2015,1.22
Bosnia and Herzegovina,BIH,2016,1.23
Bosnia and Herzegovina,BIH,2017,2.53
Bosnia and Herzegovina,BIH,2018,2.76
Bosnia and Herzegovina,BIH,2019,17.89
Bosnia and Herzegovina,BIH,2020,2.86
Bosnia and Herzegovina,BIH,2021,2.8
Bosnia and Herzegovina,BIH,2022,4.04
Botswana,BWA,2001,1.63
Botswana,BWA,2002,0.99
Botswana,BWA,2004,0.92
Botswana,BWA,2005,0.85
Botswana,BWA,2006,0.88
Botswana,BWA,2007,0.83
Botswana,BWA,2008,0.84
Botswana,BWA,2009,0.82
Botswana,BWA,2010,0.83
Botswana,BWA,2011,1.1
Botswana,BWA,2012,3.91
Botswana,BWA,2013,0.5
Botswana,BWA,2014,0.61
Botswana,BWA,2015,0.56
Botswana,BWA,2016,0.59
Botswana,BWA,2017,1.12
Botswana,BWA,2018,0.33
Botswana,BWA,2019,0.96
Botswana,BWA,2020,0.8
Botswana,BWA,2021,0.95
Botswana,BWA,2022,3.23
Brazil,BRA,1989,31.92
Brazil,BRA,1990,18.95
Brazil,BRA,1991,16.54
Brazil,BRA,1992,15.71
Brazil,BRA,1993,13.02
Brazil,BRA,1994,13.26
Brazil,BRA,1995,10.97
Brazil,BRA,1996,14.83
Brazil,BRA,1997,14
Brazil,BRA,1998,15.94
Brazil,BRA,1999,12.31
Brazil,BRA,2000,12.69
Brazil,BRA,2001,10.47
Brazil,BRA,2002,10.01
Brazil,BRA,2003,9.53
Brazil,BRA,2004,7.67
Brazil,BRA,2005,7.17
Brazil,BRA,2006,6.7
Brazil,BRA,2007,6.77
Brazil,BRA,2008,6.74
Brazil,BRA,2009,7.59
Brazil,BRA,2010,7.76
Brazil,BRA,2011,7.84
Brazil,BRA,2012,7.76
Brazil,BRA,2013,10.08
Brazil,BRA,2014,7.79
Brazil,BRA,2015,8.27
Brazil,BRA,2016,8.01
Brazil,BRA,2017,8.59
Brazil,BRA,2018,7.95
Brazil,BRA,2019,7.97
Brazil,BRA,2020,8.41
Brazil,BRA,2021,7.76
Brazil,BRA,2022,7.26
Brunei,BRN,1992,4.43
Brunei,BRN,1996,11.41
Brunei,BRN,1997,11.25
Brunei,BRN,1998,11.26
Brunei,BRN,1999,6.35
Brunei,BRN,2000,7.85
Brunei,BRN,2001,10.88
Brunei,BRN,2002,10.74
Brunei,BRN,2003,11.9
Brunei,BRN,2004,6.12
Brunei,BRN,2005,5.85
Brunei,BRN,2006,5.46
Brunei,BRN,2007,5.24
Brunei,BRN,2008,1.52
Brunei,BRN,2009,1.42
Brunei,BRN,2010,2.51
Brunei,BRN,2011,0.95
Brunei,BRN,2014,0.46
Brunei,BRN,2016,0.5
Brunei,BRN,2017,0.03
Brunei,BRN,2018,0.03
Brunei,BRN,2019,0.02
Brunei,BRN,2020,0.02
Brunei,BRN,2021,0.02
Brunei,BRN,2022,0.01
Bulgaria,BGR,1998,8.7
Bulgaria,BGR,1999,5.74
Bulgaria,BGR,2000,10.31
Bulgaria,BGR,2001,5.6
Bulgaria,BGR,2002,9.56
Bulgaria,BGR,2003,9.67
Bulgaria,BGR,2004,9.6
Bulgaria,BGR,2005,9.12
Bulgaria,BGR,2006,2.07
Bulgaria,BGR,2007,2.24
Bulgaria,BGR,2008,1.72
Bulgaria,BGR,2009,1.85
Bulgaria,BGR,2010,2.13
Bulgaria,BGR,2011,1.59
Bulgaria,BGR,2012,1.46
Bulgaria,BGR,2013,1.49
Bulgaria,BGR,2014,2.03
Bulgaria,BGR,2015,2.02
Bulgaria,BGR,2016,2.09
Bulgaria,BGR,2017,1.96
Bulgaria,BGR,2018,1.83
Bulgaria,BGR,2019,1.84
Bulgaria,BGR,2021,1.39
Bulgaria,BGR,2022,1.33
Burkina Faso,BFA,1993,5
Burkina Faso,BFA,2001,11.16
Burkina Faso,BFA,2002,11.45
Burkina Faso,BFA,2003,11.3
Burkina Faso,BFA,2004,11.38
Burkina Faso,BFA,2005,11.03
Burkina Faso,BFA,2006,8.73
Burkina Faso,BFA,2007,8.77
Burkina Faso,BFA,2008,8.77
Burkina Faso,BFA,2009,8.77
Burkina Faso,BFA,2010,8.7
Burkina Faso,BFA,2011,8.48
Burkina Faso,BFA,2012,8.42
Burkina Faso,BFA,2013,8.42
Burkina Faso,BFA,2014,7.92
Burkina Faso,BFA,2015,6.86
Burkina Faso,BFA,2016,6.93
Burkina Faso,BFA,2017,9.08
Burkina Faso,BFA,2018,7.79
Burkina Faso,BFA,2019,5.84
Burkina Faso,BFA,2020,7.15
Burkina Faso,BFA,2021,7.3
Burkina Faso,BFA,2022,7.25
Burundi,BDI,2002,13.34
Burundi,BDI,2003,13.8
Burundi,BDI,2005,21.1
Burundi,BDI,2006,17.49
Burundi,BDI,2007,12.28
Burundi,BDI,2008,10.72
Burundi,BDI,2009,13.84
Burundi,BDI,2010,8
Burundi,BDI,2011,6.83
Burundi,BDI,2012,6.99
Burundi,BDI,2013,5.39
Burundi,BDI,2014,5.99
Burundi,BDI,2015,6.13
Burundi,BDI,2016,5.91
Burundi,BDI,2018,7.89
Burundi,BDI,2019,8.52
Burundi,BDI,2020,11.31
Burundi,BDI,2021,8.53
Burundi,BDI,2022,8.96
Cambodia,KHM,2001,16.43
Cambodia,KHM,2002,16.18
Cambodia,KHM,2003,16.29
Cambodia,KHM,2005,10.81
Cambodia,KHM,2006,10.46
Cambodia,KHM,2007,10.53
Cambodia,KHM,2008,9.91
Cambodia,KHM,2010,9.5
Cambodia,KHM,2011,8.94
Cambodia,KHM,2012,9.08
Cambodia,KHM,2014,4.85
Cambodia,KHM,2016,9.77
Cambodia,KHM,2020,6.21
Cambodia,KHM,2021,5.37
Cambodia,KHM,2022,7.2
Cameroon,CMR,1994,13.7
Cameroon,CMR,1995,14.49
Cameroon,CMR,2001,13.49
Cameroon,CMR,2002,13.9
Cameroon,CMR,2003,14.27
Cameroon,CMR,2004,14.27
Cameroon,CMR,2005,14.45
Cameroon,CMR,2006,13.81
Cameroon,CMR,2007,13.01
Cameroon,CMR,2008,13
Cameroon,CMR,2009,11.58
Cameroon,CMR,2010,13
Cameroon,CMR,2011,12.65
Cameroon,CMR,2012,11.7
Cameroon,CMR,2013,12.99
Cameroon,CMR,2014,12.7
Cameroon,CMR,2019,15.46
Cameroon,CMR,2022,18.08
Canada,CAN,1989,7.02
Canada,CAN,1993,3.59
Canada,CAN,1995,6.69
Canada,CAN,1996,5.43
Canada,CAN,1997,1.99
Canada,CAN,1998,1.44
Canada,CAN,1999,1.01
Canada,CAN,2000,1.31
Canada,CAN,2001,1.6
Canada,CAN,2002,1.49
Canada,CAN,2003,2.46
Canada,CAN,2004,1.51
Canada,CAN,2005,1.46
Canada,CAN,2006,1.45
Canada,CAN,2007,1.54
Canada,CAN,2008,1.54
Canada,CAN,2009,1.7
Canada,CAN,2010,1.46
Canada,CAN,2011,1.38
Canada,CAN,2012,1.4
Canada,CAN,2013,1.45
Canada,CAN,2014,1.43
Canada,CAN,2015,1.65
Canada,CAN,2016,1.56
Canada,CAN,2017,1.52
Canada,CAN,2018,1.47
Canada,CAN,2019,1.51
Canada,CAN,2020,1.49
Canada,CAN,2021,2.35
Canada,CAN,2022,1.37
Cape Verde,CPV,2005,13.75
Cape Verde,CPV,2006,13.19
Cape Verde,CPV,2007,12.23
Cape Verde,CPV,2008,12.23
Cape Verde,CPV,2009,11.93
Cape Verde,CPV,2010,11.05
Cape Verde,CPV,2011,10.3
Cape Verde,CPV,2012,10.6
Cape Verde,CPV,2013,10.89
Cape Verde,CPV,2015,10.89
Cape Verde,CPV,2019,11.55
Cape Verde,CPV,2020,12.18
Cape Verde,CPV,2021,9.96
Cape Verde,CPV,2022,12.56
Cayman Islands,CYM,2016,16.72
Cayman Islands,CYM,2021,20.39
Central African Republic,CAF,1995,13.36
Central African Republic,CAF,1997,13.44
Central African Republic,CAF,2001,18.3
Central African Republic,CAF,2002,16.86
Central African Republic,CAF,2003,29.86
Central African Republic,CAF,2004,29.86
Central African Republic,CAF,2005,29.49
Central African Republic,CAF,2006,29.87
Central African Republic,CAF,2007,15.23
Central African Republic,CAF,2008,15.23
Central African Republic,CAF,2009,15.23
Central African Republic,CAF,2010,15.23
Central African Republic,CAF,2011,15.51
Central African Republic,CAF,2012,17.44
Central African Republic,CAF,2013,16.61
Central African Republic,CAF,2015,16.44
Central African Republic,CAF,2016,16.44
Central African Republic,CAF,2017,16.44
Central African Republic,CAF,2022,14.48
Chad,TCD,1995,14.58
Chad,TCD,1997,14.58
Chad,TCD,2001,13.07
Chad,TCD,2002,14.38
Chad,TCD,2003,14.05
Chad,TCD,2004,12.69
Chad,TCD,2005,13.63
Chad,TCD,2006,14.52
Chad,TCD,2007,13.27
Chad,TCD,2008,14.51
Chad,TCD,2009,14.27
Chad,TCD,2010,14.69
Chad,TCD,2011,15.13
Chad,TCD,2013,14.16
Chad,TCD,2015,13.92
Chad,TCD,2016,16.36
Chad,TCD,2022,16.8
Chile,CHL,1992,10.95
Chile,CHL,1993,10.94
Chile,CHL,1994,10.93
Chile,CHL,1995,10.63
Chile,CHL,1996,10.97
Chile,CHL,1997,10.97
Chile,CHL,1998,10.94
Chile,CHL,1999,9.96
Chile,CHL,2000,9
Chile,CHL,2001,8
Chile,CHL,2002,6.96
Chile,CHL,2003,5.77
Chile,CHL,2004,3.95
Chile,CHL,2005,3.99
Chile,CHL,2006,2.36
Chile,CHL,2007,2.95
Chile,CHL,2008,2.27
Chile,CHL,2009,1.92
Chile,CHL,2010,2.08
Chile,CHL,2011,1.98
Chile,CHL,2012,1.78
Chile,CHL,2013,5.89
Chile,CHL,2015,0.64
Chile,CHL,2016,5.89
Chile,CHL,2017,0.49
Chile,CHL,2018,0.49
Chile,CHL,2019,0.43
Chile,CHL,2020,0.43
Chile,CHL,2021,0.43
Chile,CHL,2022,0.46
China,CHN,1992,32.17
China,CHN,1993,30.29
China,CHN,1994,27.93
China,CHN,1996,19.76
China,CHN,1997,15.82
China,CHN,1998,15.5
China,CHN,1999,14.46
China,CHN,2000,14.67
China,CHN,2001,14.11
China,CHN,2002,7.72
China,CHN,2003,6.48
China,CHN,2004,5.96
China,CHN,2005,4.87
China,CHN,2006,4.25
China,CHN,2007,5.07
China,CHN,2008,4.47
China,CHN,2009,3.94
China,CHN,2010,4.65
China,CHN,2011,5.99
China,CHN,2014,4.74
China,CHN,2015,4.52
China,CHN,2016,3.54
China,CHN,2017,3.83
China,CHN,2018,3.39
China,CHN,2019,2.53
China,CHN,2020,2.47
China,CHN,2021,2.31
China,CHN,2022,2.18
Colombia,COL,1991,6.45
Colombia,COL,1992,10.55
Colombia,COL,1994,11.64
Colombia,COL,1995,11.91
Colombia,COL,1996,11.19
Colombia,COL,1997,11.31
Colombia,COL,1998,11.18
Colombia,COL,1999,10.68
Colombia,COL,2000,10.96
Colombia,COL,2001,10.83
Colombia,COL,2002,11.28
Colombia,COL,2003,11.06
Colombia,COL,2004,9.77
Colombia,COL,2005,9.62
Colombia,COL,2006,8.75
Colombia,COL,2007,8.82
Colombia,COL,2008,8.72
Colombia,COL,2009,8.23
Colombia,COL,2010,9.02
Colombia,COL,2011,5.51
Colombia,COL,2012,4.43
Colombia,COL,2013,4.51
Colombia,COL,2014,4.21
Colombia,COL,2015,6.54
Colombia,COL,2016,6.98
Colombia,COL,2017,4.4
Colombia,COL,2018,3.28
Colombia,COL,2019,2.92
Colombia,COL,2020,2.4
Colombia,COL,2021,2.58
Colombia,COL,2022,2.83
Comoros,COM,2008,4.58
Comoros,COM,2010,6.06
Comoros,COM,2011,6.06
Comoros,COM,2012,6.19
Comoros,COM,2013,6.48
Comoros,COM,2014,7.41
Comoros,COM,2015,5.04
Comoros,COM,2017,10.43
Comoros,COM,2018,7.04
Comoros,COM,2019,4.24
Comoros,COM,2020,4.58
Comoros,COM,2021,4.34
Congo,COG,1994,16.35
Congo,COG,1997,15.19
Congo,COG,2001,11.89
Congo,COG,2002,11.89
Congo,COG,2003,11.79
Congo,COG,2004,11.79
Congo,COG,2005,11.93
Congo,COG,2006,11.79
Congo,COG,2007,15.43
Congo,COG,2008,15.4
Congo,COG,2009,15.4
Congo,COG,2010,15.4
Congo,COG,2011,15.4
Congo,COG,2013,15.85
Congo,COG,2014,15.78
Congo,COG,2015,11.55
Congo,COG,2022,18.18
Costa Rica,CRI,1995,8.56
Costa Rica,CRI,1996,9.04
Costa Rica,CRI,1997,7.53
Costa Rica,CRI,1998,6.32
Costa Rica,CRI,1999,4.07
Costa Rica,CRI,2000,3.7
Costa Rica,CRI,2001,4.44
Costa Rica,CRI,2002,4.23
Costa Rica,CRI,2003,3.44
Costa Rica,CRI,2004,4.04
Costa Rica,CRI,2005,4.14
Costa Rica,CRI,2006,3.32
Costa Rica,CRI,2007,3.76
Costa Rica,CRI,2008,3.31
Costa Rica,CRI,2009,2.18
Costa Rica,CRI,2010,2.07
Costa Rica,CRI,2011,2.13
Costa Rica,CRI,2012,1.76
Costa Rica,CRI,2013,1.8
Costa Rica,CRI,2014,1.73
Costa Rica,CRI,2016,1.78
Costa Rica,CRI,2018,1.8
Costa Rica,CRI,2019,1.62
Costa Rica,CRI,2020,1.51
Costa Rica,CRI,2021,1.43
Costa Rica,CRI,2022,1.3
Cote d'Ivoire,CIV,1993,4.89
Cote d'Ivoire,CIV,1996,4.1
Cote d'Ivoire,CIV,2001,7.22
Cote d'Ivoire,CIV,2002,9.69
Cote d'Ivoire,CIV,2003,9.61
Cote d'Ivoire,CIV,2004,8.54
Cote d'Ivoire,CIV,2005,7.61
Cote d'Ivoire,CIV,2006,7.29
Cote d'Ivoire,CIV,2007,6.56
Cote d'Ivoire,CIV,2008,6.56
Cote d'Ivoire,CIV,2009,7.48
Cote d'Ivoire,CIV,2010,7.14
Cote d'Ivoire,CIV,2011,6.95
Cote d'Ivoire,CIV,2012,6.59
Cote d'Ivoire,CIV,2013,6.59
Cote d'Ivoire,CIV,2014,6.33
Cote d'Ivoire,CIV,2015,8
Cote d'Ivoire,CIV,2016,8.16
Cote d'Ivoire,CIV,2017,10.28
Cote d'Ivoire,CIV,2018,10.17
Cote d'Ivoire,CIV,2019,7.69
Cote d'Ivoire,CIV,2020,7.63
Cote d'Ivoire,CIV,2021,7.63
Cote d'Ivoire,CIV,2022,7.25
Croatia,HRV,2001,4.51
Croatia,HRV,2002,4.76
Croatia,HRV,2003,2.55
Croatia,HRV,2004,1.27
Croatia,HRV,2005,1.16
Croatia,HRV,2006,1.11
Croatia,HRV,2007,1.13
Croatia,HRV,2008,1.12
Croatia,HRV,2009,1.31
Croatia,HRV,2010,1.34
Croatia,HRV,2011,1.34
Croatia,HRV,2012,1.44
Croatia,HRV,2013,1.49
Croatia,HRV,2014,2.03
Croatia,HRV,2015,2.02
Croatia,HRV,2016,2.09
Croatia,HRV,2017,1.96
Croatia,HRV,2018,1.83
Croatia,HRV,2019,1.84
Croatia,HRV,2020,1.48
Croatia,HRV,2021,1.39
Croatia,HRV,2022,1.33
Cuba,CUB,1993,10.75
Cuba,CUB,1996,8.88
Cuba,CUB,1997,8.82
Cuba,CUB,1998,8.88
Cuba,CUB,1999,8.78
Cuba,CUB,2000,8.45
Cuba,CUB,2001,9.15
Cuba,CUB,2002,8.79
Cuba,CUB,2003,9.01
Cuba,CUB,2004,7.78
Cuba,CUB,2005,7.26
Cuba,CUB,2006,9.25
Cuba,CUB,2007,9.23
Cuba,CUB,2008,9.13
Cuba,CUB,2009,9.15
Cuba,CUB,2010,8.88
Cuba,CUB,2011,8.07
Cuba,CUB,2012,8.18
Cuba,CUB,2013,7.74
Cuba,CUB,2015,7.66
Cuba,CUB,2016,8.02
Cuba,CUB,2017,7.15
Cuba,CUB,2019,8.54
Cuba,CUB,2020,8.83
Cuba,CUB,2021,8.91
Cuba,CUB,2022,9.16
Cyprus,CYP,1996,10.67
Cyprus,CYP,1997,9.75
Cyprus,CYP,1998,10.95
Cyprus,CYP,1999,8.93
Cyprus,CYP,2000,5.24
Cyprus,CYP,2001,6.78
Cyprus,CYP,2002,8.83
Cyprus,CYP,2004,2.24
Cyprus,CYP,2005,2.46
Cyprus,CYP,2006,2.3
Cyprus,CYP,2007,2.24
Cyprus,CYP,2008,1.72
Cyprus,CYP,2009,1.85
Cyprus,CYP,2010,2.13
Cyprus,CYP,2011,1.59
Cyprus,CYP,2012,1.46
Cyprus,CYP,2013,1.49
Cyprus,CYP,2014,2.03
Cyprus,CYP,2015,2.02
Cyprus,CYP,2016,2.09
Cyprus,CYP,2017,1.96
Cyprus,CYP,2018,1.83
Cyprus,CYP,2019,1.84
Cyprus,CYP,2020,1.48
Cyprus,CYP,2021,1.39
Cyprus,CYP,2022,1.33
Czechia,CZE,1996,5.83
Czechia,CZE,1997,5.45
Czechia,CZE,1998,5.17
Czechia,CZE,1999,2.79
Czechia,CZE,2000,4.32
Czechia,CZE,2001,4.21
Czechia,CZE,2002,4.33
Czechia,CZE,2003,4.35
Czechia,CZE,2004,2.24
Czechia,CZE,2005,2.46
Czechia,CZE,2006,2.3
Czechia,CZE,2007,2.24
Czechia,CZE,2008,1.72
Czechia,CZE,2009,1.85
Czechia,CZE,2010,2.13
Czechia,CZE,2011,1.59
Czechia,CZE,2012,1.46
Czechia,CZE,2013,1.49
Czechia,CZE,2014,2.03
Czechia,CZE,2015,2.02
Czechia,CZE,2016,2.09
Czechia,CZE,2017,1.96
Czechia,CZE,2018,1.83
Czechia,CZE,2019,1.84
Czechia,CZE,2020,1.48
Czechia,CZE,2021,1.39
Czechia,CZE,2022,1.33
Democratic Republic of Congo,COD,2003,12.65
Democratic Republic of Congo,COD,2006,11.26
Democratic Republic of Congo,COD,2007,11.57
Democratic Republic of Congo,COD,2008,11.07
Democratic Republic of Congo,COD,2009,12.04
Democratic Republic of Congo,COD,2010,11.03
Democratic Republic of Congo,COD,2014,10.19
Democratic Republic of Congo,COD,2019,10.83
Democratic Republic of Congo,COD,2020,8.4
Denmark,DNK,2000,2.41
Denmark,DNK,2001,3.37
Denmark,DNK,2002,2.45
Denmark,DNK,2003,2.52
Denmark,DNK,2004,2.24
Denmark,DNK,2005,2.46
Denmark,DNK,2006,2.3
Denmark,DNK,2007,2.24
Denmark,DNK,2008,1.72
Denmark,DNK,2009,1.85
Denmark,DNK,2010,2.13
Denmark,DNK,2011,1.59
Denmark,DNK,2012,1.46
Denmark,DNK,2013,1.49
Denmark,DNK,2014,2.03
Denmark,DNK,2015,2.02
Denmark,DNK,2016,2.09
Denmark,DNK,2017,1.96
Denmark,DNK,2018,1.83
Denmark,DNK,2019,1.84
Denmark,DNK,2020,1.48
Denmark,DNK,2021,1.39
Denmark,DNK,2022,1.33
Djibouti,DJI,1998,56.72
Djibouti,DJI,1999,217.78
Djibouti,DJI,2002,28.49
Djibouti,DJI,2005,26.31
Djibouti,DJI,2006,27.16
Djibouti,DJI,2009,17.27
Djibouti,DJI,2011,17.7
Djibouti,DJI,2012,17.7
Djibouti,DJI,2014,17.56
Dominica,DMA,1996,18.61
Dominica,DMA,1997,15.98
Dominica,DMA,1998,16
Dominica,DMA,1999,15.96
Dominica,DMA,2000,13.82
Dominica,DMA,2001,13.51
Dominica,DMA,2002,14.82
Dominica,DMA,2003,14.2
Dominica,DMA,2006,7.78
Dominica,DMA,2007,7.85
Dominica,DMA,2010,11.11
Dominica,DMA,2011,8.18
Dominica,DMA,2012,8.15
Dominica,DMA,2013,8.7
Dominica,DMA,2015,13.72
Dominica,DMA,2016,8.41
Dominica,DMA,2017,8.3
Dominica,DMA,2020,7.84
Dominican Republic,DOM,1996,7.87
Dominican Republic,DOM,1997,12.29
Dominican Republic,DOM,1998,7.87
Dominican Republic,DOM,1999,7.87
Dominican Republic,DOM,2000,15.86
Dominican Republic,DOM,2001,8.11
Dominican Republic,DOM,2002,9.2
Dominican Republic,DOM,2003,8.91
Dominican Republic,DOM,2004,8.92
Dominican Republic,DOM,2005,9.18
Dominican Republic,DOM,2006,8.33
Dominican Republic,DOM,2007,4.46
Dominican Republic,DOM,2008,5.71
Dominican Republic,DOM,2010,4.33
Dominican Republic,DOM,2011,6.29
Dominican Republic,DOM,2012,6.2
Dominican Republic,DOM,2013,6.37
Dominican Republic,DOM,2015,6.04
Dominican Republic,DOM,2016,4.6
Dominican Republic,DOM,2017,4.2
Dominican Republic,DOM,2018,4.2
Dominican Republic,DOM,2020,3.9
Dominican Republic,DOM,2021,3.8
Dominican Republic,DOM,2022,3.97
East Timor,TLS,2011,2.5
East Timor,TLS,2012,2.5
East Timor,TLS,2013,2.5
East Timor,TLS,2014,2.5
East Timor,TLS,2015,2.5
East Timor,TLS,2016,2.5
East Timor,TLS,2020,2.53
East Timor,TLS,2021,2.53
Ecuador,ECU,1993,8.15
Ecuador,ECU,1994,11.47
Ecuador,ECU,1995,11.05
Ecuador,ECU,1996,10.95
Ecuador,ECU,1997,10.39
Ecuador,ECU,1998,10.7
Ecuador,ECU,1999,11.11
Ecuador,ECU,2000,9.58
Ecuador,ECU,2001,11.16
Ecuador,ECU,2002,10.67
Ecuador,ECU,2003,9.9
Ecuador,ECU,2004,8.95
Ecuador,ECU,2005,8.69
Ecuador,ECU,2006,6.16
Ecuador,ECU,2007,5.9
Ecuador,ECU,2008,5.14
Ecuador,ECU,2009,4.5
Ecuador,ECU,2010,6.11
Ecuador,ECU,2011,4.2
Ecuador,ECU,2012,4.34
Ecuador,ECU,2014,5.09
Ecuador,ECU,2015,6.38
Ecuador,ECU,2016,6.81
Ecuador,ECU,2017,7.03
Ecuador,ECU,2018,7.35
Ecuador,ECU,2019,8.11
Ecuador,ECU,2020,6.21
Ecuador,ECU,2021,4.63
Ecuador,ECU,2022,5.19
Egypt,EGY,1995,17.05
Egypt,EGY,1998,14.17
Egypt,EGY,1999,16.68
Egypt,EGY,2000,16.82
Egypt,EGY,2001,16.72
Egypt,EGY,2002,19.89
Egypt,EGY,2003,15.04
Egypt,EGY,2004,10.63
Egypt,EGY,2005,8.76
Egypt,EGY,2006,10.05
Egypt,EGY,2007,8.92
Egypt,EGY,2008,8.02
Egypt,EGY,2009,8.26
Egypt,EGY,2010,9.71
Egypt,EGY,2011,7.71
Egypt,EGY,2012,7.47
Egypt,EGY,2013,8.55
Egypt,EGY,2014,7.43
Egypt,EGY,2015,7.08
Egypt,EGY,2016,6.63
Egypt,EGY,2017,7.41
Egypt,EGY,2018,8.19
Egypt,EGY,2019,10.43
El Salvador,SLV,1995,9.15
El Salvador,SLV,1996,7.72
El Salvador,SLV,1997,7.37
El Salvador,SLV,1998,6.34
El Salvador,SLV,1999,6.38
El Salvador,SLV,2000,6.84
El Salvador,SLV,2001,6.89
El Salvador,SLV,2002,4.35
El Salvador,SLV,2003,6.99
El Salvador,SLV,2004,4.2
El Salvador,SLV,2005,7.48
El Salvador,SLV,2006,3.93
El Salvador,SLV,2007,4.82
El Salvador,SLV,2008,3.02
El Salvador,SLV,2009,2.43
El Salvador,SLV,2010,4.79
El Salvador,SLV,2011,4.8
El Salvador,SLV,2012,2.28
El Salvador,SLV,2013,2.12
El Salvador,SLV,2014,1.75
El Salvador,SLV,2015,1.79
El Salvador,SLV,2017,2.07
El Salvador,SLV,2018,1.94
El Salvador,SLV,2019,2.04
El Salvador,SLV,2020,1.91
El Salvador,SLV,2021,1.88
El Salvador,SLV,2022,2.16
Equatorial Guinea,GNQ,1998,15.16
Equatorial Guinea,GNQ,2001,14.43
Equatorial Guinea,GNQ,2002,15.8
Equatorial Guinea,GNQ,2005,15.24
Equatorial Guinea,GNQ,2007,15.63
Equatorial Guinea,GNQ,2022,18.18
Eritrea,ERI,2002,5.8
Eritrea,ERI,2006,5.43
Estonia,EST,1995,0.39
Estonia,EST,1996,0.04
Estonia,EST,1997,0.03
Estonia,EST,1998,0
Estonia,EST,1999,0
Estonia,EST,2000,0.98
Estonia,EST,2001,1.02
Estonia,EST,2002,0.91
Estonia,EST,2003,0.89
Estonia,EST,2004,2.24
Estonia,EST,2005,2.46
Estonia,EST,2006,2.3
Estonia,EST,2007,2.24
Estonia,EST,2008,1.72
Estonia,EST,2009,1.85
Estonia,EST,2010,2.13
Estonia,EST,2011,1.59
Estonia,EST,2012,1.46
Estonia,EST,2013,1.49
Estonia,EST,2014,2.03
Estonia,EST,2015,2.02
Estonia,EST,2016,2.09
Estonia,EST,2017,1.96
Estonia,EST,2018,1.83
Estonia,EST,2019,1.84
Estonia,EST,2020,1.48
Estonia,EST,2021,1.39
Estonia,EST,2022,1.33
Eswatini,SWZ,2001,2.6
Eswatini,SWZ,2002,8.78
Eswatini,SWZ,2004,10.45
Eswatini,SWZ,2005,9.44
Eswatini,SWZ,2006,8.67
Eswatini,SWZ,2007,8.32
Eswatini,SWZ,2008,5.95
Eswatini,SWZ,2009,9.53
Eswatini,SWZ,2010,5.05
Eswatini,SWZ,2011,9.03
Eswatini,SWZ,2012,5.47
Eswatini,SWZ,2013,0.52
Eswatini,SWZ,2014,0.58
Eswatini,SWZ,2015,0.99
Eswatini,SWZ,2016,1.18
Eswatini,SWZ,2017,0.66
Eswatini,SWZ,2018,1.48
Eswatini,SWZ,2019,2.38
Eswatini,SWZ,2020,2.27
Eswatini,SWZ,2021,2.14
Eswatini,SWZ,2022,2.98
Ethiopia,ETH,1995,18.15
Ethiopia,ETH,2001,12.11
Ethiopia,ETH,2002,13.48
Ethiopia,ETH,2006,12.03
Ethiopia,ETH,2008,10.05
Ethiopia,ETH,2009,10.36
Ethiopia,ETH,2010,10.24
Ethiopia,ETH,2011,10.48
Ethiopia,ETH,2012,9.96
Ethiopia,ETH,2015,12.14
Ethiopia,ETH,2018,12.13
Ethiopia,ETH,2021,12.66
European Union (27),OWID_EU27,1988,3.59
European Union (27),OWID_EU27,1989,3.77
European Union (27),OWID_EU27,1990,4.8
European Union (27),OWID_EU27,1991,4.5
European Union (27),OWID_EU27,1992,4.18
European Union (27),OWID_EU27,1993,3.79
European Union (27),OWID_EU27,1994,4.16
European Union (27),OWID_EU27,1995,6.28
European Union (27),OWID_EU27,1996,4.4
European Union (27),OWID_EU27,1997,3.66
European Union (27),OWID_EU27,1998,3.47
European Union (27),OWID_EU27,1999,3.48
European Union (27),OWID_EU27,2000,2.41
European Union (27),OWID_EU27,2001,3.37
European Union (27),OWID_EU27,2002,2.45
European Union (27),OWID_EU27,2003,2.52
European Union (27),OWID_EU27,2004,2.24
European Union (27),OWID_EU27,2005,2.46
European Union (27),OWID_EU27,2006,2.3
European Union (27),OWID_EU27,2007,2.24
European Union (27),OWID_EU27,2008,1.72
European Union (27),OWID_EU27,2009,1.85
European Union (27),OWID_EU27,2010,2.13
European Union (27),OWID_EU27,2011,1.59
European Union (27),OWID_EU27,2012,1.46
European Union (27),OWID_EU27,2013,1.49
European Union (27),OWID_EU27,2014,2.03
European Union (27),OWID_EU27,2015,2.02
European Union (27),OWID_EU27,2016,2.09
European Union (27),OWID_EU27,2017,1.96
European Union (27),OWID_EU27,2018,1.83
European Union (27),OWID_EU27,2019,1.84
European Union (27),OWID_EU27,2020,1.48
European Union (27),OWID_EU27,2021,1.39
European Union (27),OWID_EU27,2022,1.33
Fiji,FJI,2003,9.51
Fiji,FJI,2004,10.44
Fiji,FJI,2006,8.92
Fiji,FJI,2007,9.07
Fiji,FJI,2008,9.97
Fiji,FJI,2009,12.15
Fiji,FJI,2010,11.28
Fiji,FJI,2011,19.88
Fiji,FJI,2012,11.75
Fiji,FJI,2013,12.02
Fiji,FJI,2015,11.12
Fiji,FJI,2017,16.05
Fiji,FJI,2018,16.34
Fiji,FJI,2019,23.97
Fiji,FJI,2020,16.62
Fiji,FJI,2021,8.35
Finland,FIN,1988,6.26
Finland,FIN,1990,6.37
Finland,FIN,2000,2.41
Finland,FIN,2001,3.37
Finland,FIN,2002,2.45
Finland,FIN,2003,2.52
Finland,FIN,2004,2.24
Finland,FIN,2005,2.46
Finland,FIN,2006,2.3
Finland,FIN,2007,2.24
Finland,FIN,2008,1.72
Finland,FIN,2009,1.85
Finland,FIN,2010,2.13
Finland,FIN,2011,1.59
Finland,FIN,2012,1.46
Finland,FIN,2013,1.49
Finland,FIN,2014,2.03
Finland,FIN,2015,2.02
Finland,FIN,2016,2.09
Finland,FIN,2017,1.96
Finland,FIN,2018,1.83
Finland,FIN,2019,1.84
Finland,FIN,2020,1.48
Finland,FIN,2021,1.39
Finland,FIN,2022,1.33
France,FRA,2000,2.41
France,FRA,2001,3.37
France,FRA,2002,2.45
France,FRA,2003,2.52
France,FRA,2004,2.24
France,FRA,2005,2.46
France,FRA,2006,2.3
France,FRA,2007,2.24
France,FRA,2008,1.72
France,FRA,2009,1.85
France,FRA,2010,2.13
France,FRA,2011,1.59
France,FRA,2012,1.46
France,FRA,2013,1.49
France,FRA,2014,2.03
France,FRA,2015,2.02
France,FRA,2016,2.09
France,FRA,2017,1.96
France,FRA,2018,1.83
France,FRA,2019,1.84
France,FRA,2020,1.48
France,FRA,2021,1.39
France,FRA,2022,1.33
French Polynesia,PYF,2008,3.93
French Polynesia,PYF,2009,4.36
French Polynesia,PYF,2011,4.21
French Polynesia,PYF,2012,3.89
French Polynesia,PYF,2013,3.99
French Polynesia,PYF,2014,3.99
French Polynesia,PYF,2015,5.08
French Polynesia,PYF,2016,5.36
French Polynesia,PYF,2017,5.05
French Polynesia,PYF,2018,5.05
French Polynesia,PYF,2019,4.62
French Polynesia,PYF,2020,4.83
French Polynesia,PYF,2021,5.75
Gabon,GAB,1995,16.38
Gabon,GAB,1998,15.43
Gabon,GAB,2000,14.59
Gabon,GAB,2001,16.15
Gabon,GAB,2002,14.72
Gabon,GAB,2003,16.78
Gabon,GAB,2004,16.78
Gabon,GAB,2005,16.29
Gabon,GAB,2007,14.25
Gabon,GAB,2008,14.45
Gabon,GAB,2009,14.75
Gabon,GAB,2010,14.99
Gabon,GAB,2011,15.11
Gabon,GAB,2012,15.17
Gabon,GAB,2013,14.36
Gabon,GAB,2015,14.54
Gabon,GAB,2016,16.93
Gabon,GAB,2019,14.5
Gabon,GAB,2022,16.57
Gambia,GMB,2003,11.09
Gambia,GMB,2007,14.72
Gambia,GMB,2008,14.77
Gambia,GMB,2009,13.46
Gambia,GMB,2010,12.02
Gambia,GMB,2011,12.5
Gambia,GMB,2012,12.5
Gambia,GMB,2013,12.66
Gambia,GMB,2018,18.08
Gambia,GMB,2020,17.82
Gambia,GMB,2021,17.69
Gambia,GMB,2022,16.44
Georgia,GEO,1999,10.12
Georgia,GEO,2001,9.67
Georgia,GEO,2002,10.7
Georgia,GEO,2003,9.44
Georgia,GEO,2004,9.43
Georgia,GEO,2005,8.21
Georgia,GEO,2006,4.32
Georgia,GEO,2007,0.55
Georgia,GEO,2008,0.57
Georgia,GEO,2009,0.5
Georgia,GEO,2010,0.48
Georgia,GEO,2011,0.81
Georgia,GEO,2012,0.7
Georgia,GEO,2013,0.66
Georgia,GEO,2015,0.3
Georgia,GEO,2016,0.67
Georgia,GEO,2020,0.21
Georgia,GEO,2021,0.34
Georgia,GEO,2022,0.42
Germany,DEU,2000,2.41
Germany,DEU,2001,3.37
Germany,DEU,2002,2.45
Germany,DEU,2003,2.52
Germany,DEU,2004,2.24
Germany,DEU,2005,2.46
Germany,DEU,2006,2.3
Germany,DEU,2007,2.24
Germany,DEU,2008,1.72
Germany,DEU,2009,1.85
Germany,DEU,2010,2.13
Germany,DEU,2011,1.59
Germany,DEU,2012,1.46
Germany,DEU,2013,1.49
Germany,DEU,2014,2.03
Germany,DEU,2015,2.02
Germany,DEU,2016,2.09
Germany,DEU,2017,1.96
Germany,DEU,2018,1.83
Germany,DEU,2019,1.84
Germany,DEU,2020,1.48
Germany,DEU,2021,1.39
Germany,DEU,2022,1.33
Ghana,GHA,1993,10
Ghana,GHA,2000,16.2
Ghana,GHA,2001,9.05
Ghana,GHA,2002,9.05
Ghana,GHA,2003,9.05
Ghana,GHA,2007,8.96
Ghana,GHA,2008,8.58
Ghana,GHA,2009,9.92
Ghana,GHA,2010,10.06
Ghana,GHA,2013,9.96
Ghana,GHA,2016,10.79
Ghana,GHA,2017,10.61
Ghana,GHA,2018,10.34
Ghana,GHA,2019,10.02
Ghana,GHA,2020,10.51
Ghana,GHA,2021,10.51
Ghana,GHA,2022,12.51
Greece,GRC,2000,2.41
Greece,GRC,2001,3.37
Greece,GRC,2002,2.45
Greece,GRC,2003,2.52
Greece,GRC,2004,2.24
Greece,GRC,2005,2.46
Greece,GRC,2006,2.3
Greece,GRC,2007,2.24
Greece,GRC,2008,1.72
Greece,GRC,2009,1.85
Greece,GRC,2010,2.13
Greece,GRC,2011,1.59
Greece,GRC,2012,1.46
Greece,GRC,2013,1.49
Greece,GRC,2014,2.03
Greece,GRC,2015,2.02
Greece,GRC,2016,2.09
Greece,GRC,2017,1.96
Greece,GRC,2018,1.83
Greece,GRC,2019,1.84
Greece,GRC,2020,1.48
Greece,GRC,2021,1.39
Greece,GRC,2022,1.33
Grenada,GRD,1996,18.58
Grenada,GRD,1999,16.2
Grenada,GRD,2000,11.31
Grenada,GRD,2001,15.81
Grenada,GRD,2002,12.04
Grenada,GRD,2003,11.43
Grenada,GRD,2006,8.75
Grenada,GRD,2007,9.5
Grenada,GRD,2008,9.36
Grenada,GRD,2010,7.82
Grenada,GRD,2011,11.24
Grenada,GRD,2012,12.05
Grenada,GRD,2013,11.19
Grenada,GRD,2015,11.92
Grenada,GRD,2016,12.41
Grenada,GRD,2019,10.79
Grenada,GRD,2022,12.98
Guatemala,GTM,1995,8.66
Guatemala,GTM,1997,6.8
Guatemala,GTM,1998,6.98
Guatemala,GTM,1999,5.94
Guatemala,GTM,2000,5.81
Guatemala,GTM,2001,6.44
Guatemala,GTM,2002,6.11
Guatemala,GTM,2003,6.18
Guatemala,GTM,2004,4.9
Guatemala,GTM,2005,5.82
Guatemala,GTM,2006,5.39
Guatemala,GTM,2007,4.53
Guatemala,GTM,2008,2.74
Guatemala,GTM,2009,2.84
Guatemala,GTM,2010,2.35
Guatemala,GTM,2011,2.21
Guatemala,GTM,2012,2.46
Guatemala,GTM,2013,1.75
Guatemala,GTM,2014,1.48
Guatemala,GTM,2015,1.39
Guatemala,GTM,2020,1.59
Guatemala,GTM,2021,1.72
Guatemala,GTM,2022,2.39
Guinea,GIN,1998,5.97
Guinea,GIN,2004,6.11
Guinea,GIN,2005,12.53
Guinea,GIN,2008,11.91
Guinea,GIN,2009,11.75
Guinea,GIN,2010,11.91
Guinea,GIN,2012,11.91
Guinea,GIN,2017,12.25
Guinea,GIN,2018,11.29
Guinea,GIN,2019,10.9
Guinea,GIN,2020,12.23
Guinea,GIN,2021,12.26
Guinea,GIN,2022,12.6
Guinea-Bissau,GNB,2001,12.8
Guinea-Bissau,GNB,2002,12.8
Guinea-Bissau,GNB,2003,13.28
Guinea-Bissau,GNB,2004,13.94
Guinea-Bissau,GNB,2005,11.62
Guinea-Bissau,GNB,2006,11.54
Guinea-Bissau,GNB,2007,13.36
Guinea-Bissau,GNB,2008,12.42
Guinea-Bissau,GNB,2009,9.84
Guinea-Bissau,GNB,2010,11.69
Guinea-Bissau,GNB,2011,11.21
Guinea-Bissau,GNB,2012,9.66
Guinea-Bissau,GNB,2013,12.79
Guinea-Bissau,GNB,2014,9.9
Guinea-Bissau,GNB,2017,15.5
Guinea-Bissau,GNB,2018,14.39
Guinea-Bissau,GNB,2019,11.28
Guinea-Bissau,GNB,2020,11.65
Guinea-Bissau,GNB,2021,11.82
Guinea-Bissau,GNB,2022,11.7
Guyana,GUY,1996,18.71
Guyana,GUY,1999,15.2
Guyana,GUY,2000,15.54
Guyana,GUY,2001,11.61
Guyana,GUY,2002,11.84
Guyana,GUY,2003,11.5
Guyana,GUY,2006,6.21
Guyana,GUY,2007,11.08
Guyana,GUY,2008,6.31
Guyana,GUY,2009,11.58
Guyana,GUY,2010,6.6
Guyana,GUY,2011,6.84
Guyana,GUY,2012,7.13
Guyana,GUY,2013,8.01
Guyana,GUY,2015,6.73
Guyana,GUY,2016,6.58
Guyana,GUY,2017,6.61
Guyana,GUY,2018,3.74
Guyana,GUY,2019,9.55
Guyana,GUY,2020,6.51
Guyana,GUY,2021,4.73
Guyana,GUY,2022,9.27
Haiti,HTI,2001,3.59
Haiti,HTI,2002,3.8
Haiti,HTI,2007,4.75
Haiti,HTI,2008,4.81
Haiti,HTI,2009,3.5
Haiti,HTI,2010,6.97
Haiti,HTI,2011,6.58
Haiti,HTI,2012,4.44
Haiti,HTI,2013,6.52
Haiti,HTI,2014,7.18
Haiti,HTI,2015,6.55
Haiti,HTI,2016,6.52
Haiti,HTI,2020,6.76
Honduras,HND,1995,8.97
Honduras,HND,1996,7.8
Honduras,HND,1997,9.76
Honduras,HND,1998,8.05
Honduras,HND,1999,7.7
Honduras,HND,2000,8.35
Honduras,HND,2001,8.76
Honduras,HND,2002,7.18
Honduras,HND,2003,7.18
Honduras,HND,2004,4.94
Honduras,HND,2005,6.01
Honduras,HND,2006,5.92
Honduras,HND,2007,4.47
Honduras,HND,2008,3.5
Honduras,HND,2009,6.71
Honduras,HND,2010,6.65
Honduras,HND,2011,6.35
Honduras,HND,2012,6.31
Honduras,HND,2013,5.77
Honduras,HND,2015,2.79
Honduras,HND,2018,3.41
Honduras,HND,2020,3.31
Honduras,HND,2021,2.85
Honduras,HND,2022,2.11
Hong Kong,HKG,1988,0
Hong Kong,HKG,1996,0
Hong Kong,HKG,1997,0
Hong Kong,HKG,1998,0
Hong Kong,HKG,1999,0
Hong Kong,HKG,2000,0
Hong Kong,HKG,2001,0
Hong Kong,HKG,2002,0
Hong Kong,HKG,2003,0
Hong Kong,HKG,2004,0
Hong Kong,HKG,2005,0
Hong Kong,HKG,2006,0
Hong Kong,HKG,2007,0
Hong Kong,HKG,2008,0
Hong Kong,HKG,2009,0
Hong Kong,HKG,2010,0
Hong Kong,HKG,2011,0
Hong Kong,HKG,2012,0
Hong Kong,HKG,2013,0
Hong Kong,HKG,2014,0
Hong Kong,HKG,2015,0
Hong Kong,HKG,2016,0
Hong Kong,HKG,2017,0
Hong Kong,HKG,2018,0
Hong Kong,HKG,2019,0
Hong Kong,HKG,2020,0
Hong Kong,HKG,2021,0
Hong Kong,HKG,2022,0
Hungary,HUN,1991,10.07
Hungary,HUN,1993,8.96
Hungary,HUN,1996,8.62
Hungary,HUN,1997,4.48
Hungary,HUN,2002,7.91
Hungary,HUN,2004,2.24
Hungary,HUN,2005,2.46
Hungary,HUN,2006,2.3
Hungary,HUN,2007,2.24
Hungary,HUN,2008,1.72
Hungary,HUN,2009,1.85
Hungary,HUN,2010,2.13
Hungary,HUN,2011,1.59
Hungary,HUN,2012,1.46
Hungary,HUN,2013,1.49
Hungary,HUN,2014,2.03
Hungary,HUN,2015,2.02
Hungary,HUN,2016,2.09
Hungary,HUN,2017,1.96
Hungary,HUN,2018,1.83
Hungary,HUN,2019,1.84
Hungary,HUN,2020,1.48
Hungary,HUN,2021,1.39
Hungary,HUN,2022,1.33
Iceland,ISL,1993,3.41
Iceland,ISL,1996,3.64
Iceland,ISL,1998,4.51
Iceland,ISL,1999,3.65
Iceland,ISL,2000,4.72
Iceland,ISL,2001,3.68
Iceland,ISL,2003,4.31
Iceland,ISL,2004,4.52
Iceland,ISL,2005,4.24
Iceland,ISL,2006,1.83
Iceland,ISL,2007,1.9
Iceland,ISL,2008,1.85
Iceland,ISL,2009,1.65
Iceland,ISL,2010,1.5
Iceland,ISL,2011,1.58
Iceland,ISL,2012,1.47
Iceland,ISL,2013,1.66
Iceland,ISL,2014,1.6
Iceland,ISL,2015,1.42
Iceland,ISL,2016,1.47
Iceland,ISL,2017,1.57
Iceland,ISL,2019,1.53
Iceland,ISL,2021,1.51
Iceland,ISL,2022,1.63
India,IND,1990,56.36
India,IND,1992,27.01
India,IND,1996,23.72
India,IND,1997,20.13
India,IND,1999,28.51
India,IND,2000,23.36
India,IND,2001,26.51
India,IND,2002,23.08
India,IND,2003,21.45
India,IND,2004,22.96
India,IND,2005,13.9
India,IND,2006,8.99
India,IND,2007,11.99
India,IND,2008,5.98
India,IND,2009,6.84
India,IND,2010,6.1
India,IND,2011,7.33
India,IND,2012,6.32
India,IND,2013,6.34
India,IND,2015,7.32
India,IND,2016,6.35
India,IND,2017,5.78
India,IND,2018,4.88
India,IND,2019,6.59
India,IND,2020,6.19
India,IND,2021,5.87
India,IND,2022,4.59
Indonesia,IDN,1989,14.54
Indonesia,IDN,1990,15.09
Indonesia,IDN,1993,12.51
Indonesia,IDN,1995,10.84
Indonesia,IDN,1996,7.73
Indonesia,IDN,1997,15.06
Indonesia,IDN,1998,5.48
Indonesia,IDN,1999,6.05
Indonesia,IDN,2000,5.16
Indonesia,IDN,2001,4.14
Indonesia,IDN,2002,4.38
Indonesia,IDN,2003,4.04
Indonesia,IDN,2004,4.02
Indonesia,IDN,2005,3.97
Indonesia,IDN,2006,3.53
Indonesia,IDN,2007,2.9
Indonesia,IDN,2008,4.38
Indonesia,IDN,2009,1.71
Indonesia,IDN,2010,2.56
Indonesia,IDN,2011,2.62
Indonesia,IDN,2012,2.54
Indonesia,IDN,2013,2.37
Indonesia,IDN,2016,2.64
Indonesia,IDN,2017,2.06
Indonesia,IDN,2018,2
Indonesia,IDN,2019,2
Indonesia,IDN,2020,2.04
Indonesia,IDN,2021,1.83
Indonesia,IDN,2022,1.83
Iran,IRN,2000,22.74
Iran,IRN,2003,16.74
Iran,IRN,2004,13.84
Iran,IRN,2007,17.55
Iran,IRN,2008,14.28
Iran,IRN,2011,15.23
Iran,IRN,2019,15.43
Iran,IRN,2020,12.09
Ireland,IRL,2000,2.41
Ireland,IRL,2001,3.37
Ireland,IRL,2002,2.45
Ireland,IRL,2003,2.52
Ireland,IRL,2004,2.24
Ireland,IRL,2005,2.46
Ireland,IRL,2006,2.3
Ireland,IRL,2007,2.24
Ireland,IRL,2008,1.72
Ireland,IRL,2009,1.85
Ireland,IRL,2010,2.13
Ireland,IRL,2011,1.59
Ireland,IRL,2012,1.46
Ireland,IRL,2013,1.49
Ireland,IRL,2014,2.03
Ireland,IRL,2015,2.02
Ireland,IRL,2016,2.09
Ireland,IRL,2017,1.96
Ireland,IRL,2018,1.83
Ireland,IRL,2019,1.84
Ireland,IRL,2020,1.48
Ireland,IRL,2021,1.39
Ireland,IRL,2022,1.33
Israel,ISR,1993,3.79
Israel,ISR,1999,5.64
Israel,ISR,2000,3.83
Israel,ISR,2001,3.66
Israel,ISR,2002,3.47
Israel,ISR,2003,3.28
Israel,ISR,2004,1.22
Israel,ISR,2005,1.33
Israel,ISR,2006,2.42
Israel,ISR,2007,1.37
Israel,ISR,2008,1.54
Israel,ISR,2009,3.49
Israel,ISR,2011,2.94
Israel,ISR,2012,1.35
Israel,ISR,2013,1.42
Israel,ISR,2014,1.46
Israel,ISR,2015,2.83
Israel,ISR,2016,2.81
Israel,ISR,2017,1.85
Israel,ISR,2021,2.88
Israel,ISR,2022,2.62
Italy,ITA,2000,2.41
Italy,ITA,2001,3.37
Italy,ITA,2002,2.45
Italy,ITA,2003,2.52
Italy,ITA,2004,2.24
Italy,ITA,2005,2.46
Italy,ITA,2006,2.3
Italy,ITA,2007,2.24
Italy,ITA,2008,1.72
Italy,ITA,2009,1.85
Italy,ITA,2010,2.13
Italy,ITA,2011,1.59
Italy,ITA,2012,1.46
Italy,ITA,2013,1.49
Italy,ITA,2014,2.03
Italy,ITA,2015,2.02
Italy,ITA,2016,2.09
Italy,ITA,2017,1.96
Italy,ITA,2018,1.83
Italy,ITA,2019,1.84
Italy,ITA,2020,1.48
Italy,ITA,2021,1.39
Italy,ITA,2022,1.33
Jamaica,JAM,1996,17.85
Jamaica,JAM,1999,16.67
Jamaica,JAM,2000,9.85
Jamaica,JAM,2001,9.53
Jamaica,JAM,2002,9.83
Jamaica,JAM,2003,10.08
Jamaica,JAM,2004,9.43
Jamaica,JAM,2006,8.91
Jamaica,JAM,2007,8.92
Jamaica,JAM,2010,7.45
Jamaica,JAM,2011,7.34
Jamaica,JAM,2012,10.38
Jamaica,JAM,2013,9.59
Jamaica,JAM,2015,10.52
Jamaica,JAM,2016,10.84
Jamaica,JAM,2020,8.41
Jamaica,JAM,2021,8.61
Jamaica,JAM,2022,9.24
Japan,JPN,1988,4.12
Japan,JPN,1989,4.07
Japan,JPN,1990,3.61
Japan,JPN,1991,4.04
Japan,JPN,1992,4.24
Japan,JPN,1993,4.36
Japan,JPN,1994,4.3
Japan,JPN,1995,5.22
Japan,JPN,1996,5.59
Japan,JPN,1997,4.33
Japan,JPN,1998,4.17
Japan,JPN,1999,4.42
Japan,JPN,2000,4.49
Japan,JPN,2001,5.75
Japan,JPN,2002,5.52
Japan,JPN,2003,5.23
Japan,JPN,2004,4
Japan,JPN,2005,3.58
Japan,JPN,2006,2.82
Japan,JPN,2007,2.74
Japan,JPN,2008,2.49
Japan,JPN,2009,2.91
Japan,JPN,2010,2.2
Japan,JPN,2011,2.37
Japan,JPN,2012,2.27
Japan,JPN,2013,1.18
Japan,JPN,2014,2.29
Japan,JPN,2015,2.3
Japan,JPN,2016,2.55
Japan,JPN,2017,2.51
Japan,JPN,2018,2.45
Japan,JPN,2019,3.53
Japan,JPN,2020,2.22
Japan,JPN,2021,1.84
Japan,JPN,2022,1.64
Jordan,JOR,2000,18.92
Jordan,JOR,2001,12.32
Jordan,JOR,2002,12.66
Jordan,JOR,2003,11.44
Jordan,JOR,2004,11.23
Jordan,JOR,2005,7.5
Jordan,JOR,2006,5.63
Jordan,JOR,2007,5.62
Jordan,JOR,2008,5.09
Jordan,JOR,2009,5.13
Jordan,JOR,2010,8.46
Jordan,JOR,2011,8.06
Jordan,JOR,2012,8.1
Jordan,JOR,2013,8.08
Jordan,JOR,2014,4
Jordan,JOR,2015,3.98
Jordan,JOR,2016,4.32
Jordan,JOR,2017,4.41
Jordan,JOR,2020,3.98
Jordan,JOR,2022,3.2
Kazakhstan,KAZ,2004,1.91
Kazakhstan,KAZ,2008,2.22
Kazakhstan,KAZ,2010,4.4
Kazakhstan,KAZ,2011,3.2
Kazakhstan,KAZ,2012,3.68
Kazakhstan,KAZ,2013,3.75
Kazakhstan,KAZ,2014,3.46
Kazakhstan,KAZ,2015,4.85
Kazakhstan,KAZ,2016,2.55
Kazakhstan,KAZ,2017,2.39
Kazakhstan,KAZ,2018,2.37
Kazakhstan,KAZ,2019,2.32
Kazakhstan,KAZ,2020,1.96
Kazakhstan,KAZ,2021,2.17
Kazakhstan,KAZ,2022,2.9
Kenya,KEN,1994,20.64
Kenya,KEN,1999,12.86
Kenya,KEN,2000,16.52
Kenya,KEN,2001,15
Kenya,KEN,2002,12.23
Kenya,KEN,2004,10.44
Kenya,KEN,2005,6.58
Kenya,KEN,2006,6.32
Kenya,KEN,2007,6.79
Kenya,KEN,2008,7.35
Kenya,KEN,2009,9.52
Kenya,KEN,2010,7.32
Kenya,KEN,2011,6.6
Kenya,KEN,2012,12.38
Kenya,KEN,2013,9.64
Kenya,KEN,2014,10.55
Kenya,KEN,2015,11.47
Kenya,KEN,2016,12.25
Kenya,KEN,2018,10.07
Kenya,KEN,2019,11.48
Kenya,KEN,2020,9.32
Kenya,KEN,2021,9.3
Kenya,KEN,2022,11.7
Kuwait,KWT,2002,4.3
Kuwait,KWT,2003,4.52
Kuwait,KWT,2004,4.52
Kuwait,KWT,2005,3.91
Kuwait,KWT,2006,3.74
Kuwait,KWT,2007,3.53
Kuwait,KWT,2008,3.98
Kuwait,KWT,2009,2.87
Kuwait,KWT,2010,3.94
Kuwait,KWT,2011,3.94
Kuwait,KWT,2012,4.15
Kuwait,KWT,2013,3.93
Kuwait,KWT,2014,3.14
Kuwait,KWT,2015,2.96
Kuwait,KWT,2016,2.96
Kuwait,KWT,2017,4.34
Kuwait,KWT,2018,4.77
Kuwait,KWT,2019,4.51
Kuwait,KWT,2020,3.01
Kuwait,KWT,2021,2.85
Kuwait,KWT,2022,4.01
Kyrgyzstan,KGZ,1995,0
Kyrgyzstan,KGZ,2000,2.78
Kyrgyzstan,KGZ,2001,3.33
Kyrgyzstan,KGZ,2002,6.8
Kyrgyzstan,KGZ,2003,4.31
Kyrgyzstan,KGZ,2006,1.18
Kyrgyzstan,KGZ,2007,1.06
Kyrgyzstan,KGZ,2008,2.32
Kyrgyzstan,KGZ,2009,2.38
Kyrgyzstan,KGZ,2010,2.29
Kyrgyzstan,KGZ,2011,2.38
Kyrgyzstan,KGZ,2012,2.46
Kyrgyzstan,KGZ,2013,2.46
Kyrgyzstan,KGZ,2014,2.34
Kyrgyzstan,KGZ,2015,3.2
Kyrgyzstan,KGZ,2016,3.16
Kyrgyzstan,KGZ,2017,2.93
Kyrgyzstan,KGZ,2018,2.92
Kyrgyzstan,KGZ,2019,3.09
Kyrgyzstan,KGZ,2020,2.33
Kyrgyzstan,KGZ,2021,3.01
Laos,LAO,2000,14.06
Laos,LAO,2001,12.97
Laos,LAO,2004,10.96
Laos,LAO,2005,9.95
Laos,LAO,2006,9.22
Laos,LAO,2007,8.09
Laos,LAO,2008,13.15
Laos,LAO,2014,3.38
Laos,LAO,2015,2.35
Laos,LAO,2016,1.65
Laos,LAO,2017,1.48
Laos,LAO,2018,0.73
Laos,LAO,2019,0.76
Laos,LAO,2020,0.97
Laos,LAO,2021,1.12
Laos,LAO,2022,1.41
Latvia,LVA,1996,2.18
Latvia,LVA,1997,3.21
Latvia,LVA,2001,2.56
Latvia,LVA,2004,2.24
Latvia,LVA,2005,2.46
Latvia,LVA,2006,2.3
Latvia,LVA,2007,2.24
Latvia,LVA,2008,1.72
Latvia,LVA,2009,1.85
Latvia,LVA,2010,2.13
Latvia,LVA,2011,1.59
Latvia,LVA,2012,1.46
Latvia,LVA,2013,1.49
Latvia,LVA,2014,2.03
Latvia,LVA,2015,2.02
Latvia,LVA,2016,2.09
Latvia,LVA,2017,1.96
Latvia,LVA,2018,1.83
Latvia,LVA,2019,1.84
Latvia,LVA,2020,1.48
Latvia,LVA,2021,1.39
Latvia,LVA,2022,1.33
Lebanon,LBN,1999,11.59
Lebanon,LBN,2000,16.94
Lebanon,LBN,2001,8.36
Lebanon,LBN,2002,27.08
Lebanon,LBN,2004,5.33
Lebanon,LBN,2005,6.13
Lebanon,LBN,2006,4.32
Lebanon,LBN,2007,4.79
Lebanon,LBN,2014,3.26
Lebanon,LBN,2015,3.39
Lebanon,LBN,2016,2.98
Lebanon,LBN,2017,3.76
Lebanon,LBN,2018,1.05
Lebanon,LBN,2019,3.33
Lebanon,LBN,2020,2.83
Lesotho,LSO,2001,1.38
Lesotho,LSO,2004,16.35
Lesotho,LSO,2005,16.74
Lesotho,LSO,2006,15.67
Lesotho,LSO,2007,13.58
Lesotho,LSO,2008,12.06
Lesotho,LSO,2009,10.32
Lesotho,LSO,2010,10.56
Lesotho,LSO,2011,13.16
Lesotho,LSO,2012,13.08
Lesotho,LSO,2013,1.37
Lesotho,LSO,2014,2.43
Lesotho,LSO,2015,2.79
Lesotho,LSO,2016,2.01
Lesotho,LSO,2017,1.43
Lesotho,LSO,2018,3.36
Lesotho,LSO,2019,3.35
Lesotho,LSO,2020,3.31
Lesotho,LSO,2021,3.35
Lesotho,LSO,2022,3.36
Liberia,LBR,2012,13.11
Liberia,LBR,2013,12.2
Liberia,LBR,2014,12.18
Liberia,LBR,2018,9.54
Liberia,LBR,2020,6.6
Liberia,LBR,2021,6.64
Liberia,LBR,2022,6.22
Libya,LBY,1996,35.63
Libya,LBY,2002,30.73
Libya,LBY,2006,0
Libya,LBY,2020,4.54
Libya,LBY,2021,4.03
Lithuania,LTU,1995,2.55
Lithuania,LTU,1997,2.28
Lithuania,LTU,2002,0.63
Lithuania,LTU,2003,0.66
Lithuania,LTU,2004,2.24
Lithuania,LTU,2005,2.46
Lithuania,LTU,2006,2.3
Lithuania,LTU,2007,2.24
Lithuania,LTU,2008,1.72
Lithuania,LTU,2009,1.85
Lithuania,LTU,2010,2.13
Lithuania,LTU,2011,1.59
Lithuania,LTU,2012,1.46
Lithuania,LTU,2013,1.49
Lithuania,LTU,2014,2.03
Lithuania,LTU,2015,2.02
Lithuania,LTU,2016,2.09
Lithuania,LTU,2017,1.96
Lithuania,LTU,2018,1.83
Lithuania,LTU,2019,1.84
Lithuania,LTU,2020,1.48
Lithuania,LTU,2021,1.39
Lithuania,LTU,2022,1.33
Macao,MAC,1996,0
Macao,MAC,1997,0
Macao,MAC,1998,0
Macao,MAC,1999,0
Macao,MAC,2000,0
Macao,MAC,2001,0
Macao,MAC,2002,0
Macao,MAC,2003,0
Macao,MAC,2004,0
Macao,MAC,2005,0
Macao,MAC,2006,0
Macao,MAC,2007,0
Macao,MAC,2008,0
Macao,MAC,2009,0
Macao,MAC,2010,0
Macao,MAC,2011,0
Macao,MAC,2012,0
Macao,MAC,2013,0
Macao,MAC,2014,0
Macao,MAC,2015,0
Macao,MAC,2016,0
Macao,MAC,2017,0
Macao,MAC,2018,0
Macao,MAC,2019,0
Macao,MAC,2020,0
Macao,MAC,2021,0
Macao,MAC,2022,0
Madagascar,MDG,1995,5.18
Madagascar,MDG,1996,4.6
Madagascar,MDG,1997,5.31
Madagascar,MDG,1998,4.73
Madagascar,MDG,2000,4.5
Madagascar,MDG,2001,3.47
Madagascar,MDG,2002,2.72
Madagascar,MDG,2003,3.32
Madagascar,MDG,2004,1.74
Madagascar,MDG,2005,5.89
Madagascar,MDG,2006,9.54
Madagascar,MDG,2007,8.48
Madagascar,MDG,2008,8.51
Madagascar,MDG,2009,7.89
Madagascar,MDG,2010,6.32
Madagascar,MDG,2011,6.37
Madagascar,MDG,2012,6.18
Madagascar,MDG,2013,6.39
Madagascar,MDG,2014,5.99
Madagascar,MDG,2015,9.35
Madagascar,MDG,2016,7.86
Madagascar,MDG,2017,6.83
Madagascar,MDG,2018,7.74
Madagascar,MDG,2019,7.54
Madagascar,MDG,2020,7.2
Madagascar,MDG,2021,7.51
Madagascar,MDG,2022,8.74
Malawi,MWI,1994,22.31
Malawi,MWI,1996,17.75
Malawi,MWI,1997,20.77
Malawi,MWI,1998,12.74
Malawi,MWI,2000,12.39
Malawi,MWI,2001,9.88
Malawi,MWI,2003,11.13
Malawi,MWI,2006,8.11
Malawi,MWI,2008,5.96
Malawi,MWI,2009,8.44
Malawi,MWI,2010,6.41
Malawi,MWI,2011,6.08
Malawi,MWI,2012,5.73
Malawi,MWI,2013,3.8
Malawi,MWI,2014,4.25
Malawi,MWI,2015,4.24
Malawi,MWI,2016,4.77
Malawi,MWI,2019,4.24
Malawi,MWI,2020,6.18
Malawi,MWI,2021,5.95
Malaysia,MYS,1988,14.4
Malaysia,MYS,1991,10.84
Malaysia,MYS,1993,9.33
Malaysia,MYS,1996,6.27
Malaysia,MYS,1997,5.37
Malaysia,MYS,1998,5.23
Malaysia,MYS,1999,5.14
Malaysia,MYS,2000,4.81
Malaysia,MYS,2001,5.06
Malaysia,MYS,2002,4.2
Malaysia,MYS,2003,4.57
Malaysia,MYS,2004,5.37
Malaysia,MYS,2005,4.27
Malaysia,MYS,2006,3.68
Malaysia,MYS,2007,3.71
Malaysia,MYS,2008,3.89
Malaysia,MYS,2009,3.55
Malaysia,MYS,2010,3.12
Malaysia,MYS,2011,4.17
Malaysia,MYS,2012,4.41
Malaysia,MYS,2013,4.44
Malaysia,MYS,2014,1.28
Malaysia,MYS,2016,4.02
Malaysia,MYS,2020,3.6
Malaysia,MYS,2021,3.62
Malaysia,MYS,2022,3.42
Maldives,MDV,2000,20.45
Maldives,MDV,2001,20.22
Maldives,MDV,2002,19.87
Maldives,MDV,2003,20.68
Maldives,MDV,2004,19.84
Maldives,MDV,2005,21.09
Maldives,MDV,2006,21.23
Maldives,MDV,2008,20.25
Maldives,MDV,2009,19.91
Maldives,MDV,2010,19.71
Maldives,MDV,2011,20.75
Maldives,MDV,2012,6.45
Maldives,MDV,2013,6.96
Maldives,MDV,2014,7.59
Maldives,MDV,2015,11.13
Maldives,MDV,2016,11.16
Maldives,MDV,2017,12.04
Maldives,MDV,2018,11.39
Maldives,MDV,2019,18.39
Maldives,MDV,2020,11.55
Maldives,MDV,2021,10.55
Maldives,MDV,2022,11.12
Mali,MLI,1995,2.94
Mali,MLI,1996,10.35
Mali,MLI,1997,10.35
Mali,MLI,1998,10.35
Mali,MLI,1999,6.68
Mali,MLI,2001,10.64
Mali,MLI,2002,10.77
Mali,MLI,2003,10.9
Mali,MLI,2004,10.96
Mali,MLI,2005,10.41
Mali,MLI,2006,8.31
Mali,MLI,2007,8.44
Mali,MLI,2008,8.44
Mali,MLI,2009,8.46
Mali,MLI,2010,8.46
Mali,MLI,2011,7.78
Mali,MLI,2012,7.43
Mali,MLI,2013,7.43
Mali,MLI,2014,7.43
Mali,MLI,2015,6.22
Mali,MLI,2016,6.22
Mali,MLI,2017,10.04
Mali,MLI,2018,9.42
Mali,MLI,2019,7.23
Mali,MLI,2020,9.24
Mali,MLI,2021,7.88
Mali,MLI,2022,8.9
Malta,MLT,1997,8.71
Malta,MLT,2000,9.71
Malta,MLT,2002,5.94
Malta,MLT,2003,5.65
Malta,MLT,2004,2.24
Malta,MLT,2005,2.46
Malta,MLT,2006,2.3
Malta,MLT,2007,2.24
Malta,MLT,2008,1.72
Malta,MLT,2009,1.85
Malta,MLT,2010,2.13
Malta,MLT,2011,1.59
Malta,MLT,2012,1.46
Malta,MLT,2013,1.49
Malta,MLT,2014,2.03
Malta,MLT,2015,2.02
Malta,MLT,2016,2.09
Malta,MLT,2017,1.96
Malta,MLT,2018,1.83
Malta,MLT,2019,1.84
Malta,MLT,2021,1.39
Malta,MLT,2022,1.33
Mauritania,MRT,2001,9.92
Mauritania,MRT,2006,9.9
Mauritania,MRT,2007,9.46
Mauritania,MRT,2008,9.29
Mauritania,MRT,2009,8.68
Mauritania,MRT,2010,7.94
Mauritania,MRT,2011,8.05
Mauritania,MRT,2014,8.62
Mauritania,MRT,2015,8.67
Mauritania,MRT,2018,8.03
Mauritania,MRT,2019,8.03
Mauritania,MRT,2020,12.19
Mauritania,MRT,2021,8.32
Mauritania,MRT,2022,8.68
Mauritius,MUS,1995,23.54
Mauritius,MUS,1996,17.99
Mauritius,MUS,1997,19.24
Mauritius,MUS,1998,23.83
Mauritius,MUS,1999,19.98
Mauritius,MUS,2000,11.72
Mauritius,MUS,2001,12.01
Mauritius,MUS,2002,12.94
Mauritius,MUS,2004,12.02
Mauritius,MUS,2005,4.65
Mauritius,MUS,2006,1.68
Mauritius,MUS,2007,2.18
Mauritius,MUS,2008,2.16
Mauritius,MUS,2009,1.16
Mauritius,MUS,2010,1.13
Mauritius,MUS,2011,0.81
Mauritius,MUS,2012,0.91
Mauritius,MUS,2013,0.98
Mauritius,MUS,2014,0.69
Mauritius,MUS,2015,0.68
Mauritius,MUS,2016,0.79
Mauritius,MUS,2017,0.87
Mauritius,MUS,2018,0.81
Mauritius,MUS,2019,1.1
Mauritius,MUS,2020,0.92
Mauritius,MUS,2021,1.27
Mauritius,MUS,2022,1.2
Mexico,MEX,1991,11.91
Mexico,MEX,1995,7.25
Mexico,MEX,1996,14.02
Mexico,MEX,1997,13.08
Mexico,MEX,1998,13.05
Mexico,MEX,1999,6.59
Mexico,MEX,2000,15.15
Mexico,MEX,2001,15.24
Mexico,MEX,2002,5.03
Mexico,MEX,2003,15.44
Mexico,MEX,2004,3
Mexico,MEX,2005,3
Mexico,MEX,2006,2.39
Mexico,MEX,2007,2.41
Mexico,MEX,2008,1.87
Mexico,MEX,2009,1.61
Mexico,MEX,2010,5.37
Mexico,MEX,2011,5.37
Mexico,MEX,2012,5.17
Mexico,MEX,2013,4.87
Mexico,MEX,2014,1.02
Mexico,MEX,2015,4.45
Mexico,MEX,2016,4.35
Mexico,MEX,2017,1.24
Mexico,MEX,2018,1.21
Mexico,MEX,2022,1.62
Moldova,MDA,1996,1.89
Moldova,MDA,2000,2.34
Moldova,MDA,2001,2.9
Moldova,MDA,2003,3.37
Moldova,MDA,2004,3.08
Moldova,MDA,2005,3.23
Moldova,MDA,2006,1.68
Moldova,MDA,2007,2.7
Moldova,MDA,2008,2.02
Moldova,MDA,2009,3.21
Moldova,MDA,2010,2.28
Moldova,MDA,2011,3.35
Moldova,MDA,2012,2.61
Moldova,MDA,2013,5.71
Moldova,MDA,2014,2.53
Moldova,MDA,2015,3.39
Moldova,MDA,2016,3.54
Moldova,MDA,2020,1.26
Moldova,MDA,2021,1.2
Moldova,MDA,2022,1.16
Mongolia,MNG,1999,0.09
Mongolia,MNG,2000,5.04
Mongolia,MNG,2001,6.95
Mongolia,MNG,2002,6.98
Mongolia,MNG,2003,5.03
Mongolia,MNG,2004,5.02
Mongolia,MNG,2005,4.29
Mongolia,MNG,2006,4.4
Mongolia,MNG,2007,5.1
Mongolia,MNG,2008,5.1
Mongolia,MNG,2009,5.1
Mongolia,MNG,2010,5.03
Mongolia,MNG,2011,5.03
Mongolia,MNG,2013,5.03
Mongolia,MNG,2015,4.57
Mongolia,MNG,2017,5.52
Mongolia,MNG,2018,5.26
Mongolia,MNG,2019,5.31
Mongolia,MNG,2020,5.3
Mongolia,MNG,2021,5.28
Mongolia,MNG,2022,5.35
Montenegro,MNE,2007,5.46
Montenegro,MNE,2008,5.75
Montenegro,MNE,2009,6.73
Montenegro,MNE,2010,6.88
Montenegro,MNE,2011,6.16
Montenegro,MNE,2012,5.79
Montenegro,MNE,2013,3.96
Montenegro,MNE,2014,3.63
Montenegro,MNE,2015,3.69
Montenegro,MNE,2016,3.01
Montenegro,MNE,2017,3.07
Montenegro,MNE,2018,2.84
Montenegro,MNE,2019,0.99
Montenegro,MNE,2020,2.59
Montenegro,MNE,2021,3.19
Montenegro,MNE,2022,2.9
Morocco,MAR,1993,45.44
Morocco,MAR,1997,17.31
Morocco,MAR,2000,25.42
Morocco,MAR,2001,24.8
Morocco,MAR,2002,24.49
Morocco,MAR,2003,24.88
Morocco,MAR,2005,13.54
Morocco,MAR,2006,10.82
Morocco,MAR,2007,10.04
Morocco,MAR,2008,8.85
Morocco,MAR,2009,7.62
Morocco,MAR,2010,13.01
Morocco,MAR,2011,11.71
Morocco,MAR,2012,4.11
Morocco,MAR,2014,3.02
Morocco,MAR,2015,3.42
Morocco,MAR,2016,3.78
Morocco,MAR,2017,3.86
Morocco,MAR,2019,3.6
Morocco,MAR,2020,3.61
Morocco,MAR,2021,4.23
Mozambique,MOZ,2001,11.37
Mozambique,MOZ,2002,8.43
Mozambique,MOZ,2003,8.4
Mozambique,MOZ,2005,8.09
Mozambique,MOZ,2006,7.31
Mozambique,MOZ,2007,7.74
Mozambique,MOZ,2008,7.07
Mozambique,MOZ,2009,4.82
Mozambique,MOZ,2010,4.77
Mozambique,MOZ,2011,7.09
Mozambique,MOZ,2012,4.77
Mozambique,MOZ,2014,4.17
Mozambique,MOZ,2016,3.55
Mozambique,MOZ,2018,4.18
Mozambique,MOZ,2020,4.14
Mozambique,MOZ,2021,4.19
Myanmar,MMR,1996,4.13
Myanmar,MMR,1997,4.13
Myanmar,MMR,1998,4.13
Myanmar,MMR,1999,4.13
Myanmar,MMR,2000,4.13
Myanmar,MMR,2001,3.98
Myanmar,MMR,2002,3.98
Myanmar,MMR,2003,3.9
Myanmar,MMR,2004,3.68
Myanmar,MMR,2005,2.86
Myanmar,MMR,2006,2.83
Myanmar,MMR,2007,2.78
Myanmar,MMR,2008,2.75
Myanmar,MMR,2010,2.43
Myanmar,MMR,2011,1.99
Myanmar,MMR,2012,4.86
Myanmar,MMR,2013,4.07
Myanmar,MMR,2015,1.72
Myanmar,MMR,2019,1.81
Myanmar,MMR,2021,1.04
Myanmar,MMR,2022,0.82
Namibia,NAM,2001,0.74
Namibia,NAM,2002,1.11
Namibia,NAM,2004,0.88
Namibia,NAM,2005,0.96
Namibia,NAM,2006,0.97
Namibia,NAM,2007,1.15
Namibia,NAM,2008,1.75
Namibia,NAM,2009,1.77
Namibia,NAM,2010,1.33
Namibia,NAM,2011,1.07
Namibia,NAM,2012,0.61
Namibia,NAM,2013,0.75
Namibia,NAM,2014,0.7
Namibia,NAM,2015,0.9
Namibia,NAM,2016,1.03
Namibia,NAM,2017,0.91
Namibia,NAM,2018,1
Namibia,NAM,2019,1.1
Namibia,NAM,2020,1.26
Namibia,NAM,2021,1.32
Namibia,NAM,2022,3.58
Nauru,NRU,2016,11.69
Nauru,NRU,2017,11.27
Nauru,NRU,2018,10.51
Nauru,NRU,2019,15.59
Nauru,NRU,2020,14.39
Nauru,NRU,2021,14.07
Nepal,NPL,1993,15.96
Nepal,NPL,1998,20.09
Nepal,NPL,1999,14.01
Nepal,NPL,2000,16.84
Nepal,NPL,2002,15.45
Nepal,NPL,2003,15.86
Nepal,NPL,2004,15.49
Nepal,NPL,2005,15.4
Nepal,NPL,2006,13.13
Nepal,NPL,2007,13.29
Nepal,NPL,2008,421.5
Nepal,NPL,2009,12.65
Nepal,NPL,2010,13.05
Nepal,NPL,2011,12.45
Nepal,NPL,2012,12.45
Nepal,NPL,2013,15.04
Nepal,NPL,2014,10.55
Nepal,NPL,2015,12.31
Nepal,NPL,2016,12.35
Nepal,NPL,2018,12.36
Nepal,NPL,2019,14.22
Nepal,NPL,2020,11.6
Nepal,NPL,2021,11.99
Nepal,NPL,2022,11.2
Netherlands,NLD,2000,2.41
Netherlands,NLD,2001,3.37
Netherlands,NLD,2002,2.45
Netherlands,NLD,2003,2.52
Netherlands,NLD,2004,2.24
Netherlands,NLD,2005,2.46
Netherlands,NLD,2006,2.3
Netherlands,NLD,2007,2.24
Netherlands,NLD,2008,1.72
Netherlands,NLD,2009,1.85
Netherlands,NLD,2010,2.13
Netherlands,NLD,2011,1.59
Netherlands,NLD,2012,1.46
Netherlands,NLD,2013,1.49
Netherlands,NLD,2014,2.03
Netherlands,NLD,2015,2.02
Netherlands,NLD,2016,2.09
Netherlands,NLD,2017,1.96
Netherlands,NLD,2018,1.83
Netherlands,NLD,2019,1.84
Netherlands,NLD,2020,1.48
Netherlands,NLD,2021,1.39
Netherlands,NLD,2022,1.33
New Zealand,NZL,1992,11.24
New Zealand,NZL,1993,9.02
New Zealand,NZL,1996,4.83
New Zealand,NZL,1997,4.15
New Zealand,NZL,1998,3.57
New Zealand,NZL,1999,3
New Zealand,NZL,2000,2.37
New Zealand,NZL,2001,3.61
New Zealand,NZL,2002,3.85
New Zealand,NZL,2003,4.21
New Zealand,NZL,2004,4.32
New Zealand,NZL,2005,4.14
New Zealand,NZL,2006,4.52
New Zealand,NZL,2007,2.62
New Zealand,NZL,2008,1.82
New Zealand,NZL,2009,1.68
New Zealand,NZL,2010,5.53
New Zealand,NZL,2011,2.11
New Zealand,NZL,2012,2.32
New Zealand,NZL,2013,1.38
New Zealand,NZL,2014,1.31
New Zealand,NZL,2015,1.32
New Zealand,NZL,2016,1.27
New Zealand,NZL,2017,1.35
New Zealand,NZL,2019,0.91
New Zealand,NZL,2020,0.85
New Zealand,NZL,2021,0.86
New Zealand,NZL,2022,1.7
Nicaragua,NIC,1995,5.55
Nicaragua,NIC,1996,8.26
Nicaragua,NIC,1997,5.94
Nicaragua,NIC,1998,4.53
Nicaragua,NIC,1999,8.27
Nicaragua,NIC,2000,2.87
Nicaragua,NIC,2001,3.12
Nicaragua,NIC,2002,2.89
Nicaragua,NIC,2003,2.93
Nicaragua,NIC,2004,3.76
Nicaragua,NIC,2005,5.46
Nicaragua,NIC,2006,4.13
Nicaragua,NIC,2007,3.59
Nicaragua,NIC,2008,4.4
Nicaragua,NIC,2009,2.37
Nicaragua,NIC,2010,2.1
Nicaragua,NIC,2011,2.88
Nicaragua,NIC,2012,2.87
Nicaragua,NIC,2013,1.74
Nicaragua,NIC,2014,1.95
Nicaragua,NIC,2015,1.93
Nicaragua,NIC,2016,2.17
Nicaragua,NIC,2017,2.33
Nicaragua,NIC,2018,1.95
Nicaragua,NIC,2019,1.86
Nicaragua,NIC,2020,1.84
Nicaragua,NIC,2021,1.96
Nicaragua,NIC,2022,2.04
Niger,NER,2001,13.66
Niger,NER,2002,12.81
Niger,NER,2003,12.67
Niger,NER,2004,11.69
Niger,NER,2005,11.99
Niger,NER,2006,9.58
Niger,NER,2007,9.41
Niger,NER,2008,9.41
Niger,NER,2009,9.41
Niger,NER,2010,10.31
Niger,NER,2011,9.7
Niger,NER,2012,9.56
Niger,NER,2013,10.21
Niger,NER,2014,9.28
Niger,NER,2015,8.07
Niger,NER,2016,8.21
Niger,NER,2017,11.92
Niger,NER,2018,11.02
Niger,NER,2019,9.27
Niger,NER,2020,8.06
Niger,NER,2021,8.46
Niger,NER,2022,8.36
Nigeria,NGA,1988,23.8
Nigeria,NGA,1989,24.69
Nigeria,NGA,1990,24.83
Nigeria,NGA,1992,25.32
Nigeria,NGA,1995,91.27
Nigeria,NGA,1996,16.06
Nigeria,NGA,1997,16.21
Nigeria,NGA,1998,16.21
Nigeria,NGA,1999,19.77
Nigeria,NGA,2000,19.99
Nigeria,NGA,2001,21.47
Nigeria,NGA,2002,18.45
Nigeria,NGA,2003,20.62
Nigeria,NGA,2005,9.34
Nigeria,NGA,2006,9.4
Nigeria,NGA,2008,9.79
Nigeria,NGA,2009,9.83
Nigeria,NGA,2010,10.7
Nigeria,NGA,2011,10.15
Nigeria,NGA,2013,10.07
Nigeria,NGA,2014,11.34
Nigeria,NGA,2015,8.22
Nigeria,NGA,2016,8.52
Nigeria,NGA,2020,12.37
Nigeria,NGA,2021,12.2
Nigeria,NGA,2022,9.34
North Macedonia,MKD,2001,9.29
North Macedonia,MKD,2002,7.74
North Macedonia,MKD,2004,8.09
North Macedonia,MKD,2005,3.71
North Macedonia,MKD,2006,4.45
North Macedonia,MKD,2007,5.76
North Macedonia,MKD,2008,3.59
North Macedonia,MKD,2009,3.39
North Macedonia,MKD,2010,2.92
North Macedonia,MKD,2011,2.22
North Macedonia,MKD,2012,2.07
North Macedonia,MKD,2013,7.14
North Macedonia,MKD,2014,2.26
North Macedonia,MKD,2015,1.21
North Macedonia,MKD,2016,3.96
North Macedonia,MKD,2017,1.92
North Macedonia,MKD,2018,1.94
North Macedonia,MKD,2019,1.94
North Macedonia,MKD,2020,1.74
North Macedonia,MKD,2021,2.38
North Macedonia,MKD,2022,2.34
Norway,NOR,1988,0.87
Norway,NOR,1993,1.26
Norway,NOR,1995,6.45
Norway,NOR,1996,2.41
Norway,NOR,1997,4.42
Norway,NOR,1998,3.61
Norway,NOR,1999,2.49
Norway,NOR,2000,3.45
Norway,NOR,2001,3.11
Norway,NOR,2002,2.65
Norway,NOR,2003,2.45
Norway,NOR,2004,2.79
Norway,NOR,2005,2.87
Norway,NOR,2006,2.35
Norway,NOR,2007,2.57
Norway,NOR,2008,2.46
Norway,NOR,2009,2.33
Norway,NOR,2010,3.04
Norway,NOR,2011,3.35
Norway,NOR,2012,3.57
Norway,NOR,2013,3.82
Norway,NOR,2014,3
Norway,NOR,2015,3.52
Norway,NOR,2016,3.41
Norway,NOR,2017,3.13
Norway,NOR,2018,3.2
Norway,NOR,2019,2.62
Norway,NOR,2020,2.8
Norway,NOR,2021,3
Norway,NOR,2022,2.31
Oman,OMN,1992,7.43
Oman,OMN,1997,4.49
Oman,OMN,2001,12.73
Oman,OMN,2002,13.65
Oman,OMN,2003,5.07
Oman,OMN,2004,4.68
Oman,OMN,2005,3.22
Oman,OMN,2006,3.4
Oman,OMN,2007,3.29
Oman,OMN,2008,2.75
Oman,OMN,2009,2.91
Oman,OMN,2012,2.34
Oman,OMN,2013,2.45
Oman,OMN,2014,2.41
Oman,OMN,2015,1.9
Oman,OMN,2016,1.46
Oman,OMN,2017,1.73
Oman,OMN,2018,1.73
Oman,OMN,2019,1.71
Oman,OMN,2020,1.71
Oman,OMN,2021,2
Oman,OMN,2022,2.14
Pakistan,PAK,1995,44.94
Pakistan,PAK,1998,40.69
Pakistan,PAK,1999,23.13
Pakistan,PAK,2000,23.12
Pakistan,PAK,2001,20.62
Pakistan,PAK,2002,17.39
Pakistan,PAK,2003,16.71
Pakistan,PAK,2004,13.02
Pakistan,PAK,2005,13
Pakistan,PAK,2006,12.71
Pakistan,PAK,2007,12.11
Pakistan,PAK,2008,9.5
Pakistan,PAK,2009,9.88
Pakistan,PAK,2010,10.2
Pakistan,PAK,2011,9.02
Pakistan,PAK,2012,9.02
Pakistan,PAK,2013,9.41
Pakistan,PAK,2014,8.92
Pakistan,PAK,2015,9.58
Pakistan,PAK,2016,10.09
Pakistan,PAK,2018,9.45
Pakistan,PAK,2019,8.69
Pakistan,PAK,2020,8.67
Pakistan,PAK,2021,9.03
Pakistan,PAK,2022,7.61
Palau,PLW,2005,1.76
Palau,PLW,2006,1.76
Palau,PLW,2010,6.76
Palau,PLW,2011,6.54
Palau,PLW,2012,6.4
Palau,PLW,2015,7.69
Palau,PLW,2016,7.8
Palau,PLW,2017,29.88
Palau,PLW,2018,34.63
Palau,PLW,2019,118.21
Palau,PLW,2020,9.6
Palau,PLW,2021,9.49
Palestine,PSE,2013,3.34
Palestine,PSE,2014,3.33
Palestine,PSE,2015,2.15
Palestine,PSE,2016,1.12
Palestine,PSE,2017,2.18
Panama,PAN,1997,10.62
Panama,PAN,1998,8.69
Panama,PAN,1999,7.83
Panama,PAN,2000,7.19
Panama,PAN,2001,6.86
Panama,PAN,2002,7.46
Panama,PAN,2003,7.89
Panama,PAN,2004,7.63
Panama,PAN,2005,6.91
Panama,PAN,2006,7.6
Panama,PAN,2007,7.54
Panama,PAN,2008,7.24
Panama,PAN,2009,7.04
Panama,PAN,2010,6.93
Panama,PAN,2011,5.76
Panama,PAN,2012,6.13
Panama,PAN,2013,6.08
Panama,PAN,2015,5.41
Panama,PAN,2020,5.77
Panama,PAN,2021,6.43
Panama,PAN,2022,5.93
Papua New Guinea,PNG,1997,15.6
Papua New Guinea,PNG,1999,15.66
Papua New Guinea,PNG,2000,3.13
Papua New Guinea,PNG,2001,3.09
Papua New Guinea,PNG,2002,2.95
Papua New Guinea,PNG,2003,2.3
Papua New Guinea,PNG,2004,2.1
Papua New Guinea,PNG,2005,2.13
Papua New Guinea,PNG,2006,1.89
Papua New Guinea,PNG,2007,1.59
Papua New Guinea,PNG,2008,2.77
Papua New Guinea,PNG,2009,2.72
Papua New Guinea,PNG,2010,2.67
Papua New Guinea,PNG,2012,2.57
Papua New Guinea,PNG,2013,2.59
Papua New Guinea,PNG,2018,4.58
Papua New Guinea,PNG,2019,7.75
Papua New Guinea,PNG,2020,3.63
Papua New Guinea,PNG,2021,3.58
Paraguay,PRY,1991,11.85
Paraguay,PRY,1994,8.02
Paraguay,PRY,1995,6.35
Paraguay,PRY,1996,10.45
Paraguay,PRY,1997,9.46
Paraguay,PRY,1998,11.46
Paraguay,PRY,1999,6.2
Paraguay,PRY,2000,10.25
Paraguay,PRY,2001,10.74
Paraguay,PRY,2002,9.94
Paraguay,PRY,2003,9.85
Paraguay,PRY,2004,5.12
Paraguay,PRY,2005,4.61
Paraguay,PRY,2006,2.4
Paraguay,PRY,2007,3.34
Paraguay,PRY,2008,3.59
Paraguay,PRY,2009,3.45
Paraguay,PRY,2010,3.95
Paraguay,PRY,2011,4.27
Paraguay,PRY,2012,4.18
Paraguay,PRY,2013,4.42
Paraguay,PRY,2014,4.2
Paraguay,PRY,2015,4.43
Paraguay,PRY,2016,4.21
Paraguay,PRY,2017,4.8
Paraguay,PRY,2018,4.98
Paraguay,PRY,2019,4.98
Paraguay,PRY,2020,4.05
Paraguay,PRY,2021,4.49
Paraguay,PRY,2022,4.63
Peru,PER,1993,16.39
Peru,PER,1995,15.34
Peru,PER,1997,12.7
Peru,PER,1998,12.71
Peru,PER,1999,12.65
Peru,PER,2000,12.82
Peru,PER,2001,11.32
Peru,PER,2002,9.92
Peru,PER,2003,9.5
Peru,PER,2004,8.7
Peru,PER,2005,8.33
Peru,PER,2006,5.25
Peru,PER,2007,5.18
Peru,PER,2008,2.09
Peru,PER,2009,2.24
Peru,PER,2010,2.52
Peru,PER,2011,1.51
Peru,PER,2013,1.52
Peru,PER,2014,1.43
Peru,PER,2015,1.8
Peru,PER,2017,0.8
Peru,PER,2018,0.71
Peru,PER,2019,0.73
Peru,PER,2020,0.66
Peru,PER,2021,0.65
Peru,PER,2022,0.66
Philippines,PHL,1988,22.5
Philippines,PHL,1989,22.51
Philippines,PHL,1990,14.79
Philippines,PHL,1992,14.72
Philippines,PHL,1993,15.56
Philippines,PHL,1994,15.22
Philippines,PHL,1995,14.65
Philippines,PHL,1996,8.53
Philippines,PHL,1997,7.56
Philippines,PHL,1998,6.37
Philippines,PHL,1999,6.09
Philippines,PHL,2000,3.77
Philippines,PHL,2001,3.47
Philippines,PHL,2002,2.62
Philippines,PHL,2003,2.44
Philippines,PHL,2004,2.86
Philippines,PHL,2005,3.14
Philippines,PHL,2006,3.1
Philippines,PHL,2007,2.78
Philippines,PHL,2008,4.1
Philippines,PHL,2009,3.98
Philippines,PHL,2010,3.96
Philippines,PHL,2011,1.98
Philippines,PHL,2012,1.85
Philippines,PHL,2013,1.86
Philippines,PHL,2015,1.75
Philippines,PHL,2016,4.17
Philippines,PHL,2017,1.66
Philippines,PHL,2018,2.11
Philippines,PHL,2019,1.68
Philippines,PHL,2020,1.67
Philippines,PHL,2021,1.73
Philippines,PHL,2022,1.76
Poland,POL,1991,9.45
Poland,POL,1992,9.61
Poland,POL,1995,6.07
Poland,POL,1996,8.5
Poland,POL,1997,8.63
Poland,POL,1998,6.39
Poland,POL,1999,4.19
Poland,POL,2000,2.87
Poland,POL,2001,3.12
Poland,POL,2002,3.8
Poland,POL,2003,2.36
Poland,POL,2004,2.24
Poland,POL,2005,2.46
Poland,POL,2006,2.3
Poland,POL,2007,2.24
Poland,POL,2008,1.72
Poland,POL,2009,1.85
Poland,POL,2010,2.13
Poland,POL,2011,1.59
Poland,POL,2012,1.46
Poland,POL,2013,1.49
Poland,POL,2014,2.03
Poland,POL,2015,2.02
Poland,POL,2016,2.09
Poland,POL,2017,1.96
Poland,POL,2018,1.83
Poland,POL,2019,1.84
Poland,POL,2020,1.48
Poland,POL,2021,1.39
Poland,POL,2022,1.33
Portugal,PRT,2000,2.41
Portugal,PRT,2001,3.37
Portugal,PRT,2002,2.45
Portugal,PRT,2003,2.52
Portugal,PRT,2004,2.24
Portugal,PRT,2005,2.46
Portugal,PRT,2006,2.3
Portugal,PRT,2007,2.24
Portugal,PRT,2008,1.72
Portugal,PRT,2009,1.85
Portugal,PRT,2010,2.13
Portugal,PRT,2011,1.59
Portugal,PRT,2012,1.46
Portugal,PRT,2013,1.49
Portugal,PRT,2014,2.03
Portugal,PRT,2015,2.02
Portugal,PRT,2016,2.09
Portugal,PRT,2017,1.96
Portugal,PRT,2018,1.83
Portugal,PRT,2019,1.84
Portugal,PRT,2020,1.48
Portugal,PRT,2021,1.39
Portugal,PRT,2022,1.33
Qatar,QAT,2002,4.28
Qatar,QAT,2003,4.98
Qatar,QAT,2004,5.12
Qatar,QAT,2005,4.3
Qatar,QAT,2006,4.28
Qatar,QAT,2007,3.68
Qatar,QAT,2008,3.7
Qatar,QAT,2009,4.28
Qatar,QAT,2010,4.42
Qatar,QAT,2011,4.42
Qatar,QAT,2012,4
Qatar,QAT,2013,4.1
Qatar,QAT,2014,3.42
Qatar,QAT,2015,3.37
Qatar,QAT,2016,3.37
Qatar,QAT,2017,4.22
Qatar,QAT,2018,3.68
Qatar,QAT,2019,3.47
Qatar,QAT,2020,3.55
Qatar,QAT,2021,3.53
Qatar,QAT,2022,3.69
Romania,ROU,1991,11.87
Romania,ROU,1999,7.31
Romania,ROU,2001,8.26
Romania,ROU,2004,3.31
Romania,ROU,2005,3.09
Romania,ROU,2007,2.24
Romania,ROU,2008,1.72
Romania,ROU,2009,1.85
Romania,ROU,2010,2.13
Romania,ROU,2011,1.59
Romania,ROU,2012,1.46
Romania,ROU,2013,1.49
Romania,ROU,2014,2.03
Romania,ROU,2015,2.02
Romania,ROU,2016,2.09
Romania,ROU,2017,1.96
Romania,ROU,2018,1.83
Romania,ROU,2019,1.84
Romania,ROU,2020,1.48
Romania,ROU,2021,1.39
Romania,ROU,2022,1.33
Russia,RUS,1993,6.25
Russia,RUS,1994,9.21
Russia,RUS,1996,9.64
Russia,RUS,1997,11.28
Russia,RUS,2001,10.78
Russia,RUS,2002,10.8
Russia,RUS,2005,10.48
Russia,RUS,2007,7.26
Russia,RUS,2008,8.59
Russia,RUS,2009,8.12
Russia,RUS,2010,5.2
Russia,RUS,2011,7.24
Russia,RUS,2012,6.84
Russia,RUS,2013,6.21
Russia,RUS,2014,5.37
Russia,RUS,2015,3.08
Russia,RUS,2016,3.62
Russia,RUS,2017,3.61
Russia,RUS,2018,3.51
Russia,RUS,2019,5.34
Russia,RUS,2020,4.07
Russia,RUS,2021,4.17
Rwanda,RWA,1993,25.33
Rwanda,RWA,2000,9.03
Rwanda,RWA,2001,7.64
Rwanda,RWA,2002,20.12
Rwanda,RWA,2003,8.33
Rwanda,RWA,2005,14.18
Rwanda,RWA,2006,12.45
Rwanda,RWA,2008,12.91
Rwanda,RWA,2009,7.45
Rwanda,RWA,2010,8.03
Rwanda,RWA,2011,6.82
Rwanda,RWA,2012,9.41
Rwanda,RWA,2013,8.7
Rwanda,RWA,2014,8.9
Rwanda,RWA,2015,9.75
Rwanda,RWA,2016,7.33
Rwanda,RWA,2018,4.08
Rwanda,RWA,2019,9.55
Rwanda,RWA,2020,10.19
Rwanda,RWA,2021,11.97
Rwanda,RWA,2022,11.11
Saint Kitts and Nevis,KNA,1996,21.57
Saint Kitts and Nevis,KNA,1999,17.87
Saint Kitts and Nevis,KNA,2000,13.11
Saint Kitts and Nevis,KNA,2001,12.61
Saint Kitts and Nevis,KNA,2002,13.68
Saint Kitts and Nevis,KNA,2003,13.71
Saint Kitts and Nevis,KNA,2006,12.41
Saint Kitts and Nevis,KNA,2007,12.32
Saint Kitts and Nevis,KNA,2008,13.6
Saint Kitts and Nevis,KNA,2009,15.11
Saint Kitts and Nevis,KNA,2010,13.02
Saint Kitts and Nevis,KNA,2011,12.46
Saint Kitts and Nevis,KNA,2012,12.31
Saint Kitts and Nevis,KNA,2013,12.31
Saint Kitts and Nevis,KNA,2014,12.29
Saint Kitts and Nevis,KNA,2015,12.29
Saint Kitts and Nevis,KNA,2016,12.3
Saint Kitts and Nevis,KNA,2017,21.08
Saint Kitts and Nevis,KNA,2018,21.06
Saint Kitts and Nevis,KNA,2019,21.09
Saint Kitts and Nevis,KNA,2020,8.84
Saint Lucia,LCA,1996,18.52
Saint Lucia,LCA,1999,16.3
Saint Lucia,LCA,2000,16.34
Saint Lucia,LCA,2001,12.22
Saint Lucia,LCA,2002,12.69
Saint Lucia,LCA,2003,12.78
Saint Lucia,LCA,2005,13.76
Saint Lucia,LCA,2006,9.43
Saint Lucia,LCA,2007,9
Saint Lucia,LCA,2010,5.92
Saint Lucia,LCA,2011,5.8
Saint Lucia,LCA,2012,6.75
Saint Lucia,LCA,2013,10.55
Saint Lucia,LCA,2014,8.11
Saint Lucia,LCA,2015,7.84
Saint Lucia,LCA,2016,9.25
Saint Lucia,LCA,2019,16.7
Saint Lucia,LCA,2020,9.08
Saint Vincent and the Grenadines,VCT,1996,17.45
Saint Vincent and the Grenadines,VCT,1999,15.83
Saint Vincent and the Grenadines,VCT,2000,15.04
Saint Vincent and the Grenadines,VCT,2001,12.5
Saint Vincent and the Grenadines,VCT,2002,11.68
Saint Vincent and the Grenadines,VCT,2003,11.76
Saint Vincent and the Grenadines,VCT,2006,3.75
Saint Vincent and the Grenadines,VCT,2007,9.03
Saint Vincent and the Grenadines,VCT,2010,10.8
Saint Vincent and the Grenadines,VCT,2011,10.25
Saint Vincent and the Grenadines,VCT,2012,7.55
Saint Vincent and the Grenadines,VCT,2013,7.55
Saint Vincent and the Grenadines,VCT,2015,7.15
Saint Vincent and the Grenadines,VCT,2016,9.19
Saint Vincent and the Grenadines,VCT,2017,8.93
Saint Vincent and the Grenadines,VCT,2018,8.92
Saint Vincent and the Grenadines,VCT,2019,8.84
Saint Vincent and the Grenadines,VCT,2020,8.97
Saint Vincent and the Grenadines,VCT,2021,9.06
Saint Vincent and the Grenadines,VCT,2022,9.17
Samoa,WSM,2011,9.85
Samoa,WSM,2012,9.86
Samoa,WSM,2013,9.71
Samoa,WSM,2014,9.98
Samoa,WSM,2015,10.28
Samoa,WSM,2016,10.58
Samoa,WSM,2017,10.19
Samoa,WSM,2018,10.85
Samoa,WSM,2020,10.38
Sao Tome and Principe,STP,2013,8.02
Sao Tome and Principe,STP,2014,8.24
Sao Tome and Principe,STP,2015,9.07
Sao Tome and Principe,STP,2016,10.44
Sao Tome and Principe,STP,2018,9.46
Sao Tome and Principe,STP,2019,9.97
Saudi Arabia,SAU,1994,10.72
Saudi Arabia,SAU,1999,11.5
Saudi Arabia,SAU,2000,12.48
Saudi Arabia,SAU,2001,11.12
Saudi Arabia,SAU,2002,6.53
Saudi Arabia,SAU,2003,7.28
Saudi Arabia,SAU,2004,7.01
Saudi Arabia,SAU,2005,4.05
Saudi Arabia,SAU,2006,4.12
Saudi Arabia,SAU,2007,3.77
Saudi Arabia,SAU,2008,3.25
Saudi Arabia,SAU,2009,3.13
Saudi Arabia,SAU,2011,4.16
Saudi Arabia,SAU,2012,3.57
Saudi Arabia,SAU,2013,3.57
Saudi Arabia,SAU,2014,3.39
Saudi Arabia,SAU,2015,4.45
Saudi Arabia,SAU,2017,4.85
Saudi Arabia,SAU,2020,4.23
Saudi Arabia,SAU,2022,5.4
Senegal,SEN,2001,9.4
Senegal,SEN,2002,8.26
Senegal,SEN,2003,9.12
Senegal,SEN,2004,9.25
Senegal,SEN,2005,9.2
Senegal,SEN,2006,9.35
Senegal,SEN,2007,8.49
Senegal,SEN,2008,8.49
Senegal,SEN,2009,9
Senegal,SEN,2010,8.85
Senegal,SEN,2011,8.51
Senegal,SEN,2012,8.08
Senegal,SEN,2013,8.08
Senegal,SEN,2014,8.46
Senegal,SEN,2015,8.62
Senegal,SEN,2016,8.75
Senegal,SEN,2017,12.3
Senegal,SEN,2018,11.52
Senegal,SEN,2019,9.12
Senegal,SEN,2020,9.07
Senegal,SEN,2021,8.88
Senegal,SEN,2022,8.4
Serbia,SRB,2001,5.8
Serbia,SRB,2002,7.88
Serbia,SRB,2005,6.03
Serbia,SRB,2007,5.63
Serbia,SRB,2008,5.51
Serbia,SRB,2009,3.56
Serbia,SRB,2010,2.79
Serbia,SRB,2011,2.36
Serbia,SRB,2013,4.82
Serbia,SRB,2015,1.29
Serbia,SRB,2016,1.37
Serbia,SRB,2017,1.41
Serbia,SRB,2018,1.44
Serbia,SRB,2021,1.72
Seychelles,SYC,2000,26.92
Seychelles,SYC,2001,32.53
Seychelles,SYC,2005,32.6
Seychelles,SYC,2006,32.58
Seychelles,SYC,2007,30.07
Seychelles,SYC,2015,2.82
Seychelles,SYC,2016,4.32
Seychelles,SYC,2017,3.7
Seychelles,SYC,2018,2.09
Seychelles,SYC,2019,20.28
Seychelles,SYC,2020,1.47
Seychelles,SYC,2021,1.07
Seychelles,SYC,2022,1.27
Sierra Leone,SLE,2004,15.32
Sierra Leone,SLE,2006,14.33
Sierra Leone,SLE,2010,10.26
Sierra Leone,SLE,2011,9.81
Sierra Leone,SLE,2012,10.31
Sierra Leone,SLE,2020,14.05
Sierra Leone,SLE,2021,14.22
Sierra Leone,SLE,2022,13.65
Singapore,SGP,1989,3.26
Singapore,SGP,1995,0.33
Singapore,SGP,1996,0.05
Singapore,SGP,1997,0.05
Singapore,SGP,1998,0.05
Singapore,SGP,1999,0.05
Singapore,SGP,2000,0.04
Singapore,SGP,2001,0.04
Singapore,SGP,2002,0.04
Singapore,SGP,2003,0.02
Singapore,SGP,2004,0
Singapore,SGP,2005,0.03
Singapore,SGP,2006,0.01
Singapore,SGP,2007,0.01
Singapore,SGP,2008,0.05
Singapore,SGP,2009,0.06
Singapore,SGP,2010,0.05
Singapore,SGP,2011,0.16
Singapore,SGP,2012,0.06
Singapore,SGP,2013,0.07
Singapore,SGP,2014,0.07
Singapore,SGP,2015,0.07
Singapore,SGP,2016,0.07
Singapore,SGP,2017,0.07
Singapore,SGP,2018,0.24
Singapore,SGP,2019,0.39
Singapore,SGP,2020,0.05
Singapore,SGP,2021,0
Singapore,SGP,2022,0
Slovakia,SVK,2002,4.61
Slovakia,SVK,2004,2.24
Slovakia,SVK,2005,2.46
Slovakia,SVK,2006,2.3
Slovakia,SVK,2007,2.24
Slovakia,SVK,2008,1.72
Slovakia,SVK,2009,1.85
Slovakia,SVK,2010,2.13
Slovakia,SVK,2011,1.59
Slovakia,SVK,2012,1.46
Slovakia,SVK,2013,1.49
Slovakia,SVK,2014,2.03
Slovakia,SVK,2015,2.02
Slovakia,SVK,2016,2.09
Slovakia,SVK,2017,1.96
Slovakia,SVK,2018,1.83
Slovakia,SVK,2019,1.84
Slovakia,SVK,2020,1.48
Slovakia,SVK,2021,1.39
Slovakia,SVK,2022,1.33
Slovenia,SVN,1999,11.38
Slovenia,SVN,2001,10
Slovenia,SVN,2002,1.65
Slovenia,SVN,2003,1.72
Slovenia,SVN,2004,2.24
Slovenia,SVN,2005,2.46
Slovenia,SVN,2006,2.3
Slovenia,SVN,2007,2.24
Slovenia,SVN,2008,1.72
Slovenia,SVN,2009,1.85
Slovenia,SVN,2010,2.13
Slovenia,SVN,2011,1.59
Slovenia,SVN,2012,1.46
Slovenia,SVN,2013,1.49
Slovenia,SVN,2014,2.03
Slovenia,SVN,2015,2.02
Slovenia,SVN,2016,2.09
Slovenia,SVN,2017,1.96
Slovenia,SVN,2018,1.83
Slovenia,SVN,2019,1.84
Slovenia,SVN,2020,1.48
Slovenia,SVN,2021,1.39
Slovenia,SVN,2022,1.33
Solomon Islands,SLB,2008,14.6
Solomon Islands,SLB,2015,35.65
Solomon Islands,SLB,2016,14.08
Solomon Islands,SLB,2017,18.49
Solomon Islands,SLB,2018,30.28
Solomon Islands,SLB,2019,17.52
Solomon Islands,SLB,2020,13.62
Solomon Islands,SLB,2021,14.31
Solomon Islands,SLB,2022,20.66
South Africa,ZAF,1988,13.39
South Africa,ZAF,1990,10.5
South Africa,ZAF,1991,11.32
South Africa,ZAF,1993,13.45
South Africa,ZAF,1996,8.27
South Africa,ZAF,1997,5.99
South Africa,ZAF,1999,5.47
South Africa,ZAF,2000,5.27
South Africa,ZAF,2001,5.1
South Africa,ZAF,2002,4.95
South Africa,ZAF,2003,5.15
South Africa,ZAF,2004,5.29
South Africa,ZAF,2005,5.64
South Africa,ZAF,2006,5.29
South Africa,ZAF,2007,4.81
South Africa,ZAF,2008,3.9
South Africa,ZAF,2009,4.32
South Africa,ZAF,2010,4.59
South Africa,ZAF,2011,4.39
South Africa,ZAF,2012,4.22
South Africa,ZAF,2013,4.15
South Africa,ZAF,2014,3.87
South Africa,ZAF,2015,4.38
South Africa,ZAF,2016,4.51
South Africa,ZAF,2017,4.61
South Africa,ZAF,2018,4.32
South Africa,ZAF,2019,5.37
South Africa,ZAF,2020,4.4
South Africa,ZAF,2021,4.46
South Africa,ZAF,2022,4.66
South Korea,KOR,1988,13.95
South Korea,KOR,1989,10.61
South Korea,KOR,1990,9.54
South Korea,KOR,1992,8.53
South Korea,KOR,1995,6.84
South Korea,KOR,1996,15.02
South Korea,KOR,1997,13.45
South Korea,KOR,1998,13.61
South Korea,KOR,1999,5.9
South Korea,KOR,2000,9.55
South Korea,KOR,2001,10.41
South Korea,KOR,2002,9.98
South Korea,KOR,2003,9.7
South Korea,KOR,2004,9.25
South Korea,KOR,2005,7.95
South Korea,KOR,2006,7.43
South Korea,KOR,2007,7.13
South Korea,KOR,2008,8.26
South Korea,KOR,2009,7.8
South Korea,KOR,2010,7.19
South Korea,KOR,2011,7.32
South Korea,KOR,2012,7.59
South Korea,KOR,2013,7.85
South Korea,KOR,2014,6.1
South Korea,KOR,2015,5.72
South Korea,KOR,2016,8.67
South Korea,KOR,2017,5.05
South Korea,KOR,2018,4.83
South Korea,KOR,2020,5.48
South Korea,KOR,2021,4.85
South Korea,KOR,2022,5.66
Spain,ESP,2000,2.41
Spain,ESP,2001,3.37
Spain,ESP,2002,2.45
Spain,ESP,2003,2.52
Spain,ESP,2004,2.24
Spain,ESP,2005,2.46
Spain,ESP,2006,2.3
Spain,ESP,2007,2.24
Spain,ESP,2008,1.72
Spain,ESP,2009,1.85
Spain,ESP,2010,2.13
Spain,ESP,2011,1.59
Spain,ESP,2012,1.46
Spain,ESP,2013,1.49
Spain,ESP,2014,2.03
Spain,ESP,2015,2.02
Spain,ESP,2016,2.09
Spain,ESP,2017,1.96
Spain,ESP,2018,1.83
Spain,ESP,2019,1.84
Spain,ESP,2020,1.48
Spain,ESP,2021,1.39
Spain,ESP,2022,1.33
Sri Lanka,LKA,1990,28.96
Sri Lanka,LKA,1993,31.22
Sri Lanka,LKA,1994,31.16
Sri Lanka,LKA,1997,25.88
Sri Lanka,LKA,1998,9.89
Sri Lanka,LKA,2000,6.78
Sri Lanka,LKA,2001,6.55
Sri Lanka,LKA,2003,6.27
Sri Lanka,LKA,2004,6.73
Sri Lanka,LKA,2005,7.56
Sri Lanka,LKA,2006,7.23
Sri Lanka,LKA,2007,7.19
Sri Lanka,LKA,2008,7.12
Sri Lanka,LKA,2009,7.21
Sri Lanka,LKA,2010,8.04
Sri Lanka,LKA,2011,7.68
Sri Lanka,LKA,2012,7.05
Sri Lanka,LKA,2014,7.09
Sri Lanka,LKA,2015,4.43
Sri Lanka,LKA,2017,8.72
Sri Lanka,LKA,2018,12.08
Sri Lanka,LKA,2019,13.3
Sri Lanka,LKA,2020,6.28
Sri Lanka,LKA,2021,4.36
Sudan,SDN,1996,3.66
Sudan,SDN,2002,17.02
Sudan,SDN,2006,10.19
Sudan,SDN,2008,8.22
Sudan,SDN,2009,15.02
Sudan,SDN,2010,12.9
Sudan,SDN,2011,11.95
Sudan,SDN,2012,12.12
Sudan,SDN,2013,12.14
Sudan,SDN,2017,14.01
Sudan,SDN,2020,0
Sudan,SDN,2021,0
Suriname,SUR,1996,16.7
Suriname,SUR,1999,14
Suriname,SUR,2000,12.17
Suriname,SUR,2007,10.12
Suriname,SUR,2009,10.78
Suriname,SUR,2010,10.79
Suriname,SUR,2011,9.8
Suriname,SUR,2012,7.61
Suriname,SUR,2013,7.61
Suriname,SUR,2018,10.54
Suriname,SUR,2019,8.72
Suriname,SUR,2020,8.72
Suriname,SUR,2021,8.43
Suriname,SUR,2022,7.8
Sweden,SWE,1988,0.99
Sweden,SWE,1989,4.31
Sweden,SWE,2000,2.41
Sweden,SWE,2001,3.37
Sweden,SWE,2002,2.45
Sweden,SWE,2003,2.52
Sweden,SWE,2004,2.24
Sweden,SWE,2005,2.46
Sweden,SWE,2006,2.3
Sweden,SWE,2007,2.24
Sweden,SWE,2008,1.72
Sweden,SWE,2009,1.85
Sweden,SWE,2010,2.13
Sweden,SWE,2011,1.59
Sweden,SWE,2012,1.46
Sweden,SWE,2013,1.49
Sweden,SWE,2014,2.03
Sweden,SWE,2015,2.02
Sweden,SWE,2016,2.09
Sweden,SWE,2017,1.96
Sweden,SWE,2018,1.83
Sweden,SWE,2019,1.84
Sweden,SWE,2020,1.48
Sweden,SWE,2021,1.39
Sweden,SWE,2022,1.33
Switzerland,CHE,1990,7.35
Switzerland,CHE,1993,8.84
Switzerland,CHE,1995,16.77
Switzerland,CHE,1996,7.91
Switzerland,CHE,1997,3.04
Switzerland,CHE,1998,2.7
Switzerland,CHE,1999,2.6
Switzerland,CHE,2000,2.34
Switzerland,CHE,2001,2.35
Switzerland,CHE,2002,2.19
Switzerland,CHE,2003,2.65
Switzerland,CHE,2004,2.11
Switzerland,CHE,2005,2.32
Switzerland,CHE,2006,2.71
Switzerland,CHE,2007,1.89
Switzerland,CHE,2008,1.79
Switzerland,CHE,2009,1.77
Switzerland,CHE,2010,1.49
Switzerland,CHE,2011,1.91
Switzerland,CHE,2012,1.36
Switzerland,CHE,2013,1.97
Switzerland,CHE,2014,1.87
Switzerland,CHE,2015,1.3
Switzerland,CHE,2016,1.31
Switzerland,CHE,2017,1.68
Switzerland,CHE,2018,1.7
Switzerland,CHE,2019,6.12
Switzerland,CHE,2020,1.36
Switzerland,CHE,2021,1.4
Switzerland,CHE,2022,1.3
Syria,SYR,2002,15.5
Syria,SYR,2009,6.3
Syria,SYR,2010,7.23
Syria,SYR,2013,14.18
Syria,SYR,2020,9.21
Tajikistan,TJK,2006,3.97
Tajikistan,TJK,2010,5.94
Tajikistan,TJK,2012,5.22
Tajikistan,TJK,2013,5.69
Tajikistan,TJK,2014,5.56
Tajikistan,TJK,2015,7.18
Tajikistan,TJK,2016,5.7
Tajikistan,TJK,2017,4.98
Tajikistan,TJK,2020,3.93
Tajikistan,TJK,2021,2.31
Tanzania,TZA,1993,15.62
Tanzania,TZA,1997,18.29
Tanzania,TZA,1998,18.31
Tanzania,TZA,2000,13.07
Tanzania,TZA,2003,8.38
Tanzania,TZA,2005,7.85
Tanzania,TZA,2006,7.4
Tanzania,TZA,2007,7.21
Tanzania,TZA,2008,7.89
Tanzania,TZA,2009,8.8
Tanzania,TZA,2010,8.97
Tanzania,TZA,2011,7.6
Tanzania,TZA,2012,9.03
Tanzania,TZA,2013,8.37
Tanzania,TZA,2014,8.33
Tanzania,TZA,2015,7.28
Tanzania,TZA,2016,8.62
Tanzania,TZA,2018,8.55
Tanzania,TZA,2019,8.37
Tanzania,TZA,2020,8.94
Tanzania,TZA,2021,8.67
Tanzania,TZA,2022,8.64
Thailand,THA,1989,33.65
Thailand,THA,1991,33.63
Thailand,THA,1993,36.64
Thailand,THA,1995,14.86
Thailand,THA,1999,33.51
Thailand,THA,2000,9.54
Thailand,THA,2001,8.33
Thailand,THA,2003,8.27
Thailand,THA,2004,6.03
Thailand,THA,2005,4.81
Thailand,THA,2006,4.62
Thailand,THA,2007,4.32
Thailand,THA,2008,4.27
Thailand,THA,2009,4.76
Thailand,THA,2010,5
Thailand,THA,2011,4.85
Thailand,THA,2013,6.06
Thailand,THA,2014,3.53
Thailand,THA,2015,3.52
Thailand,THA,2021,3.15
Thailand,THA,2022,3.67
Togo,TGO,1996,13.79
Togo,TGO,1997,14.58
Togo,TGO,1999,14.99
Togo,TGO,2000,11.36
Togo,TGO,2001,10.91
Togo,TGO,2002,10.2
Togo,TGO,2003,10.78
Togo,TGO,2004,10.79
Togo,TGO,2005,10.4
Togo,TGO,2006,10.82
Togo,TGO,2007,10.59
Togo,TGO,2008,10.59
Togo,TGO,2009,10.51
Togo,TGO,2010,10.44
Togo,TGO,2011,11.06
Togo,TGO,2012,9.37
Togo,TGO,2013,9.36
Togo,TGO,2014,9.35
Togo,TGO,2015,9.73
Togo,TGO,2016,9.48
Togo,TGO,2017,13.43
Togo,TGO,2018,12.85
Togo,TGO,2019,10.98
Togo,TGO,2020,10.98
Togo,TGO,2021,10.73
Togo,TGO,2022,13.56
Tonga,TON,2009,4.71
Tonga,TON,2010,5.12
Tonga,TON,2011,5.58
Tonga,TON,2012,5.5
Tonga,TON,2013,5.17
Tonga,TON,2015,5.72
Tonga,TON,2016,5.74
Tonga,TON,2017,5.53
Tonga,TON,2020,6.56
Tonga,TON,2021,6.59
Tonga,TON,2022,6.44
Trinidad and Tobago,TTO,1991,13.15
Trinidad and Tobago,TTO,1992,15.09
Trinidad and Tobago,TTO,1996,7.18
Trinidad and Tobago,TTO,1999,17.85
Trinidad and Tobago,TTO,2001,6.56
Trinidad and Tobago,TTO,2002,4.92
Trinidad and Tobago,TTO,2003,5.46
Trinidad and Tobago,TTO,2004,6.23
Trinidad and Tobago,TTO,2005,8.3
Trinidad and Tobago,TTO,2006,12.26
Trinidad and Tobago,TTO,2007,10.34
Trinidad and Tobago,TTO,2008,13.99
Trinidad and Tobago,TTO,2010,8.61
Trinidad and Tobago,TTO,2011,8.62
Trinidad and Tobago,TTO,2012,8.66
Trinidad and Tobago,TTO,2013,8.63
Trinidad and Tobago,TTO,2021,8.87
Trinidad and Tobago,TTO,2022,7.51
Tunisia,TUN,1990,25.87
Tunisia,TUN,1992,26.02
Tunisia,TUN,1995,27.36
Tunisia,TUN,1998,25.67
Tunisia,TUN,2000,23.38
Tunisia,TUN,2002,26.38
Tunisia,TUN,2003,22.15
Tunisia,TUN,2004,22.4
Tunisia,TUN,2005,8.77
Tunisia,TUN,2006,18.26
Tunisia,TUN,2008,15.93
Tunisia,TUN,2009,18.61
Tunisia,TUN,2010,13.77
Tunisia,TUN,2011,14.46
Tunisia,TUN,2012,12.58
Tunisia,TUN,2013,4.12
Tunisia,TUN,2015,3.94
Tunisia,TUN,2016,9.35
Turkey,TUR,1993,6.1
Turkey,TUR,1995,6.74
Turkey,TUR,1996,3.19
Turkey,TUR,1997,5.65
Turkey,TUR,1998,3.2
Turkey,TUR,1999,5.34
Turkey,TUR,2000,2.38
Turkey,TUR,2001,1.95
Turkey,TUR,2002,1.84
Turkey,TUR,2003,1.92
Turkey,TUR,2004,2.18
Turkey,TUR,2005,1.5
Turkey,TUR,2006,1.47
Turkey,TUR,2007,2.06
Turkey,TUR,2008,1.97
Turkey,TUR,2009,2.21
Turkey,TUR,2010,2.35
Turkey,TUR,2011,2.65
Turkey,TUR,2013,2.78
Turkey,TUR,2015,3.19
Turkey,TUR,2016,2.74
Turkey,TUR,2017,3.45
Turkey,TUR,2018,2.5
Turkey,TUR,2019,3.13
Turkey,TUR,2020,2.85
Turkey,TUR,2021,3.22
Turkey,TUR,2022,4.31
Turkmenistan,TKM,1998,0
Turkmenistan,TKM,2002,2.88
Tuvalu,TUV,2010,1.59
Tuvalu,TUV,2017,2.43
Uganda,UGA,1994,13.53
Uganda,UGA,2000,6.01
Uganda,UGA,2001,6.09
Uganda,UGA,2002,5.98
Uganda,UGA,2003,5.53
Uganda,UGA,2004,5.32
Uganda,UGA,2005,8.98
Uganda,UGA,2006,7.71
Uganda,UGA,2007,8.44
Uganda,UGA,2008,8.75
Uganda,UGA,2009,9.22
Uganda,UGA,2010,9.18
Uganda,UGA,2011,8.44
Uganda,UGA,2012,8.9
Uganda,UGA,2013,8.5
Uganda,UGA,2014,8.64
Uganda,UGA,2015,7.88
Uganda,UGA,2016,7.33
Uganda,UGA,2018,8.01
Uganda,UGA,2019,8.05
Uganda,UGA,2020,8.09
Uganda,UGA,2021,8.67
Uganda,UGA,2022,7.86
Ukraine,UKR,1995,3.36
Ukraine,UKR,1997,3.93
Ukraine,UKR,2002,3.99
Ukraine,UKR,2006,3.05
Ukraine,UKR,2007,4.69
Ukraine,UKR,2008,3.85
Ukraine,UKR,2009,1.93
Ukraine,UKR,2010,2.9
Ukraine,UKR,2011,1.9
Ukraine,UKR,2012,2.05
Ukraine,UKR,2013,2.78
Ukraine,UKR,2014,2.06
Ukraine,UKR,2015,1.93
Ukraine,UKR,2016,2.46
Ukraine,UKR,2017,1.9
Ukraine,UKR,2018,1.56
Ukraine,UKR,2019,5.33
Ukraine,UKR,2020,1.67
Ukraine,UKR,2021,1.71
Ukraine,UKR,2022,1.86
United Arab Emirates,ARE,2005,4.2
United Arab Emirates,ARE,2007,3.69
United Arab Emirates,ARE,2008,3.62
United Arab Emirates,ARE,2009,3.62
United Arab Emirates,ARE,2011,3.87
United Arab Emirates,ARE,2012,3.53
United Arab Emirates,ARE,2013,3.61
United Arab Emirates,ARE,2014,3.21
United Arab Emirates,ARE,2015,2.99
United Arab Emirates,ARE,2016,2.82
United Arab Emirates,ARE,2017,4.75
United Arab Emirates,ARE,2018,4.4
United Arab Emirates,ARE,2019,3.94
United Arab Emirates,ARE,2020,3.28
United Arab Emirates,ARE,2021,2.63
United Kingdom,GBR,2000,2.41
United Kingdom,GBR,2001,3.37
United Kingdom,GBR,2002,2.45
United Kingdom,GBR,2003,2.52
United Kingdom,GBR,2004,2.24
United Kingdom,GBR,2005,2.46
United Kingdom,GBR,2006,2.3
United Kingdom,GBR,2007,2.24
United Kingdom,GBR,2008,1.72
United Kingdom,GBR,2009,1.85
United Kingdom,GBR,2010,2.13
United Kingdom,GBR,2011,1.59
United Kingdom,GBR,2012,1.46
United Kingdom,GBR,2013,1.49
United Kingdom,GBR,2014,2.03
United Kingdom,GBR,2015,2.02
United Kingdom,GBR,2016,2.09
United Kingdom,GBR,2017,1.96
United Kingdom,GBR,2018,1.83
United Kingdom,GBR,2019,1.84
United Kingdom,GBR,2020,1.28
United Kingdom,GBR,2021,0.72
United Kingdom,GBR,2022,1
United States,USA,1989,3.91
United States,USA,1990,3.92
United States,USA,1991,3.95
United States,USA,1992,3.95
United States,USA,1993,3.75
United States,USA,1995,2.94
United States,USA,1996,2.86
United States,USA,1997,2.6
United States,USA,1998,3.09
United States,USA,1999,2.31
United States,USA,2000,2.1
United States,USA,2001,2.11
United States,USA,2002,2.16
United States,USA,2003,1.96
United States,USA,2004,1.79
United States,USA,2005,1.75
United States,USA,2006,1.7
United States,USA,2007,1.55
United States,USA,2008,1.58
United States,USA,2009,1.71
United States,USA,2010,1.66
United States,USA,2011,1.67
United States,USA,2012,1.67
United States,USA,2013,1.67
United States,USA,2014,1.69
United States,USA,2015,1.69
United States,USA,2016,1.65
United States,USA,2017,1.66
United States,USA,2018,1.59
United States,USA,2019,13.78
United States,USA,2020,1.52
United States,USA,2021,1.47
United States,USA,2022,1.49
Uruguay,URY,1992,5.81
Uruguay,URY,1995,10.62
Uruguay,URY,1996,10.32
Uruguay,URY,1997,10.55
Uruguay,URY,1998,12.88
Uruguay,URY,1999,12.31
Uruguay,URY,2000,6.16
Uruguay,URY,2001,6.61
Uruguay,URY,2002,10.67
Uruguay,URY,2004,4.18
Uruguay,URY,2005,3.46
Uruguay,URY,2006,3.26
Uruguay,URY,2007,3.6
Uruguay,URY,2008,3.08
Uruguay,URY,2009,3.63
Uruguay,URY,2010,4.21
Uruguay,URY,2011,4.47
Uruguay,URY,2012,4.2
Uruguay,URY,2013,4.69
Uruguay,URY,2014,4.68
Uruguay,URY,2015,4.79
Uruguay,URY,2016,5.7
Uruguay,URY,2017,6.3
Uruguay,URY,2018,5.35
Uruguay,URY,2019,5.33
Uruguay,URY,2020,5.29
Uruguay,URY,2021,5.25
Uruguay,URY,2022,4.85
Uzbekistan,UZB,2001,5.83
Uzbekistan,UZB,2006,7.54
Uzbekistan,UZB,2007,6.91
Uzbekistan,UZB,2008,8.58
Uzbekistan,UZB,2009,7.04
Uzbekistan,UZB,2012,7.21
Uzbekistan,UZB,2014,6.83
Uzbekistan,UZB,2015,8.73
Uzbekistan,UZB,2020,2.63
Uzbekistan,UZB,2021,2.56
Vanuatu,VUT,2002,20.27
Vanuatu,VUT,2003,17.09
Vanuatu,VUT,2004,17.14
Vanuatu,VUT,2005,17.16
Vanuatu,VUT,2006,15.81
Vanuatu,VUT,2007,18.93
Vanuatu,VUT,2008,18.8
Vanuatu,VUT,2009,18.76
Vanuatu,VUT,2012,5.53
Vanuatu,VUT,2015,4.84
Vanuatu,VUT,2016,7.85
Vanuatu,VUT,2017,8.34
Vanuatu,VUT,2020,12.66
Vanuatu,VUT,2021,11.08
Vanuatu,VUT,2022,11.48
Venezuela,VEN,1992,16.36
Venezuela,VEN,1995,11.49
Venezuela,VEN,1997,13.4
Venezuela,VEN,1998,13.69
Venezuela,VEN,1999,13.02
Venezuela,VEN,2000,13.37
Venezuela,VEN,2001,14.46
Venezuela,VEN,2002,13.7
Venezuela,VEN,2003,12.75
Venezuela,VEN,2004,11.87
Venezuela,VEN,2005,12.77
Venezuela,VEN,2006,10.61
Venezuela,VEN,2007,11.1
Venezuela,VEN,2008,9.62
Venezuela,VEN,2009,9.09
Venezuela,VEN,2010,9.96
Venezuela,VEN,2011,8.59
Venezuela,VEN,2012,8.59
Venezuela,VEN,2013,8.42
Venezuela,VEN,2014,9.67
Venezuela,VEN,2015,10.67
Venezuela,VEN,2016,10.04
Venezuela,VEN,2017,10.99
Venezuela,VEN,2018,8.87
Venezuela,VEN,2019,10.19
Venezuela,VEN,2020,14.06
Venezuela,VEN,2021,13.61
Venezuela,VEN,2022,12.84
Vietnam,VNM,1994,15.19
Vietnam,VNM,1999,19.2
Vietnam,VNM,2001,15.29
Vietnam,VNM,2002,14.73
Vietnam,VNM,2003,11.79
Vietnam,VNM,2004,11.69
Vietnam,VNM,2005,11.35
Vietnam,VNM,2006,10.21
Vietnam,VNM,2007,9.13
Vietnam,VNM,2008,5.03
Vietnam,VNM,2009,6.76
Vietnam,VNM,2010,5.02
Vietnam,VNM,2012,3.65
Vietnam,VNM,2013,3.54
Vietnam,VNM,2014,3.43
Vietnam,VNM,2015,3.14
Vietnam,VNM,2016,2.86
Vietnam,VNM,2017,2.69
Vietnam,VNM,2018,4.39
Vietnam,VNM,2019,1.66
Vietnam,VNM,2020,1.34
Vietnam,VNM,2021,1.17
Vietnam,VNM,2022,1.07
Yemen,YEM,2000,11.73
Yemen,YEM,2006,6.46
Yemen,YEM,2009,4.25
Yemen,YEM,2011,3.84
Yemen,YEM,2012,4.3
Yemen,YEM,2013,4.09
Yemen,YEM,2015,5.14
Yemen,YEM,2016,4.35
Yemen,YEM,2017,5.03
Zambia,ZMB,1993,17.89
Zambia,ZMB,1997,11.33
Zambia,ZMB,2001,14.28
Zambia,ZMB,2002,10.68
Zambia,ZMB,2003,8.7
Zambia,ZMB,2004,12.58
Zambia,ZMB,2005,9.32
Zambia,ZMB,2006,11.56
Zambia,ZMB,2007,9.63
Zambia,ZMB,2008,5.25
Zambia,ZMB,2009,4.1
Zambia,ZMB,2010,3.29
Zambia,ZMB,2011,3.45
Zambia,ZMB,2012,3.55
Zambia,ZMB,2013,3.35
Zambia,ZMB,2015,3.95
Zambia,ZMB,2016,6.22
Zambia,ZMB,2018,3.39
Zambia,ZMB,2020,4.82
Zambia,ZMB,2021,4.81
Zambia,ZMB,2022,4.08
Zimbabwe,ZWE,1996,39.06
Zimbabwe,ZWE,1997,17.11
Zimbabwe,ZWE,1998,17.76
Zimbabwe,ZWE,1999,17.59
Zimbabwe,ZWE,2000,11.57
Zimbabwe,ZWE,2001,10.55
Zimbabwe,ZWE,2002,17.48
Zimbabwe,ZWE,2003,17.33
Zimbabwe,ZWE,2007,12.48
Zimbabwe,ZWE,2010,16.6
Zimbabwe,ZWE,2011,5.82
Zimbabwe,ZWE,2012,14.76
Zimbabwe,ZWE,2015,5.72
Zimbabwe,ZWE,2016,4.99
Zimbabwe,ZWE,2021,11.37